9511842,0.00,3.00,0,999,999,999,999,0.32,9.35,3,1.22,9.24,3,999,999,0,999,999,0,999,999,0,999,999,0,None,None,False
9511843,0.00,3.00,0,999,999,999,999,0.35,8.87,3,1.21,8.78,3,999,999,0,999,999,0,999,999,0,999,999,0,None,None,False
9511843,0.00,2.34,0,999,999,999,999,0.43,8.40,3,1.25,8.31,3,999,999,0,999,999,0,999,999,0,999,999,0,DownArrow,None,False
9511843,0.00,1.43,0,999,999,999,999,0.52,7.96,3,1.31,7.88,3,999,999,0,999,999,0,999,999,0,999,999,0,DownArrow,None,False
9511843,0.00,1.43,0,999,999,999,999,0.62,7.50,3,1.37,7.42,3,999,999,0,999,999,0,999,999,0,999,999,0,None,None,False
9511844,0.00,1.43,0,999,999,999,999,0.68,7.02,3,1.39,6.96,3,999,999,0,999,999,0,999,999,0,999,999,0,None,None,False
9511844,0.66,1.43,1,999,999,999,999,0.67,6.58,3,1.35,6.53,3,999,999,0,999,999,0,999,999,0,999,999,0,None,RightArrow,True
9511844,0.66,1.35,2,999,999,999,999,0.58,6.11,3,1.23,6.08,3,999,999,0,999,999,0,999,999,0,999,999,0,None,None,True
9511844,0.66,1.30,3,999,999,999,999,0.65,9.44,3,999,999,0,999,999,0,999,999,0,999,999,0,999,999,0,None,None,True
9511845,0.66,1.25,4,999,999,999,999,-1.78,9.19,3,0.65,9.02,3,999,999,0,999,999,0,999,999,0,999,999,0,None,None,True
9511845,0.66,1.78,4,999,999,999,999,-1.81,8.80,3,0.70,8.58,1,999,999,0,999,999,0,999,999,0,999,999,0,UpArrow,None,False
9511845,0.66,2.55,4,999,999,999,999,-2.21,9.28,3,-1.81,8.42,3,999,999,0,999,999,0,999,999,0,999,999,0,UpArrow,None,False
9511845,0.66,2.50,5,999,999,999,999,-2.08,8.98,3,-1.77,8.06,3,999,999,0,999,999,0,999,999,0,999,999,0,None,None,True
9511846,0.33,2.42,5,999,999,999,999,-1.96,8.66,3,-1.67,7.68,3,999,999,0,999,999,0,999,999,0,999,999,0,None,LeftArrow,False
9511846,-0.91,2.35,5,999,999,999,999,-1.87,8.32,3,-1.53,7.32,3,999,999,0,999,999,0,999,999,0,999,999,0,None,LeftArrow,False
9511846,-0.91,2.79,6,999,999,999,999,-1.82,7.98,3,-1.37,6.97,3,999,999,0,999,999,0,999,999,0,999,999,0,UpArrow,None,True
9511847,-0.91,2.73,7,999,999,999,999,-1.83,7.65,3,-1.22,6.64,1,999,999,0,999,999,0,999,999,0,999,999,0,None,None,True
9511847,-1.33,2.65,7,999,999,999,999,2.07,9.32,3,-1.85,7.31,3,999,999,0,999,999,0,999,999,0,999,999,0,None,LeftArrow,False
9511847,-1.50,3.34,8,999,999,999,999,2.03,9.01,3,-1.89,6.96,3,999,999,0,999,999,0,999,999,0,999,999,0,UpArrow,LeftArrow,True
9511847,-1.50,3.28,9,999,999,999,999,2.09,9.48,5,2.29,9.37,3,0.28,9.23,3,1.96,8.73,3,-1.89,6.63,1,999,999,0,None,None,True
9511848,-1.50,3.20,9,999,999,999,999,-0.38,9.17,3,-0.91,9.22,2,2.04,9.28,5,2.19,9.00,3,0.23,8.80,3,1.85,8.44,3,None,None,False
9511848,-0.42,3.12,9,999,999,999,999,-0.49,8.66,3,-0.97,8.89,2,2.02,9.08,5,2.13,8.62,3,0.24,8.37,3,1.73,8.15,3,None,RightArrow,False
9511848,0.82,3.05,9,999,999,999,999,-0.59,8.17,3,-1.01,8.59,2,2.01,8.89,5,2.12,8.26,3,0.30,7.97,3,1.61,7.88,3,None,RightArrow,False
9511848,0.90,2.98,10,999,999,999,999,-0.66,7.65,3,-1.04,8.27,2,2.02,8.69,5,2.14,7.88,3,0.40,7.55,3,1.50,7.59,3,None,RightArrow,True
9511849,0.90,2.90,10,999,999,999,999,-0.66,7.12,3,-1.03,7.94,2,2.04,8.49,5,2.16,7.50,3,0.50,7.13,1,1.44,7.28,2,None,None,False
9511849,0.90,2.83,10,999,999,999,999,-0.58,6.63,3,-0.98,7.64,2,2.04,8.30,5,2.16,7.14,3,0.57,6.73,1,1.41,6.99,2,None,None,False
9511849,0.90,2.75,10,999,999,999,999,-0.44,6.13,3,-0.88,7.33,2,2.02,8.10,5,2.11,6.76,3,0.59,6.30,1,1.43,6.68,2,None,None,False
9511849,0.90,1.59,10,999,999,999,999,-0.25,5.63,3,-0.77,7.03,2,1.97,7.91,5,2.01,6.40,3,0.54,5.87,1,1.48,6.37,2,DownArrow,None,False
9511850,0.90,0.52,10,999,999,999,999,-0.06,5.14,3,-0.65,6.72,2,1.90,7.72,5,1.85,6.05,3,0.42,5.45,1,1.52,6.06,2,DownArrow,None,False
9511850,0.90,0.44,10,999,999,999,999,0.08,4.66,3,-0.56,6.43,2,1.82,7.55,5,1.68,5.73,3,0.27,5.08,1,1.54,5.77,2,None,None,False
9511850,0.90,0.36,10,999,999,999,999,0.13,4.14,3,-0.51,6.11,2,1.73,7.37,5,1.49,5.40,3,0.10,4.68,1,1.50,5.46,2,None,None,False
9511850,0.90,0.31,1.894316,999,999,999,999,0.06,3.62,2,-0.52,5.78,2,1.66,7.18,5,1.32,5.06,3,-0.04,4.27,1,1.42,5.16,2,None,None,True
9511851,-0.01,0.25,2.894316,999,999,999,999,-0.11,3.15,1,-0.57,5.48,2,1.60,7.00,5,1.21,4.72,1,-0.10,3.87,1,1.29,4.89,2,None,LeftArrow,True
9511851,-0.01,0.18,4.894316,999,999,999,999,-0.66,5.17,2,1.58,6.80,5,1.16,4.34,1,-0.07,3.44,1,1.14,4.62,2,999,999,0,None,None,True
9511851,0.05,0.87,5.894316,999,999,999,999,-0.75,4.86,2,1.58,6.60,5,1.19,3.96,1,0.98,4.35,2,999,999,0,999,999,0,UpArrow,RightArrow,True
9511851,0.85,0.78,6.894316,999,999,999,999,-1.64,9.42,5,1.60,6.41,5,1.27,3.61,1,999,999,0,999,999,0,999,999,0,UpArrow,RightArrow,True
9511852,0.69,0.75,7.894316,999,999,999,999,1.53,9.22,3,-1.62,9.10,5,1.63,6.21,5,999,999,0,999,999,0,999,999,0,None,LeftArrow,True
9511852,0.52,0.68,7.894316,999,999,999,999,1.50,8.77,3,-1.56,8.78,5,1.64,6.01,4,999,999,0,999,999,0,999,999,0,None,RightArrow,False
9511852,1.39,1.40,7.894316,999,999,999,999,1.51,8.34,3,-1.46,8.49,5,1.63,5.82,4,999,999,0,999,999,0,999,999,0,UpArrow,RightArrow,False
9511852,1.39,1.43,9.894316,999,999,999,999,1.56,7.89,3,-1.35,8.19,5,1.58,5.63,4,999,999,0,999,999,0,999,999,0,UpArrow,None,True
9511853,1.39,1.73,10.89432,999,999,999,999,1.61,7.44,3,-1.23,7.89,5,999,999,0,999,999,0,999,999,0,999,999,0,UpArrow,None,True
9511853,1.39,2.98,10.89432,999,999,999,999,-1.32,9.02,3,1.63,6.99,1,-1.13,7.58,5,999,999,0,999,999,0,999,999,0,UpArrow,None,False
9511853,1.39,3.58,11.89432,999,999,999,999,-1.22,8.53,3,1.60,6.57,1,-1.06,7.29,5,999,999,0,999,999,0,999,999,0,UpArrow,None,True
9511854,0.73,3.51,12.89432,999,999,999,999,-2.28,9.11,3,-1.19,8.00,3,-1.05,6.97,5,999,999,0,999,999,0,999,999,0,None,LeftArrow,True
9511854,-0.60,3.44,12.89432,999,999,999,999,-2.26,8.53,3,-1.22,7.47,3,-1.08,6.64,5,999,999,0,999,999,0,999,999,0,None,LeftArrow,False
9511854,-0.68,3.37,14.89432,999,999,999,999,-2.28,7.98,3,-1.30,6.98,3,-1.13,6.35,3,999,999,0,999,999,0,999,999,0,None,LeftArrow,True
9511854,-1.51,3.32,15.89432,999,999,999,999,-2.30,7.40,3,-1.38,6.45,3,-1.19,6.03,1,999,999,0,999,999,0,999,999,0,None,LeftArrow,True
9511855,-1.51,3.26,16.89432,999,999,999,999,-1.69,9.22,3,-2.29,6.83,3,-1.42,5.93,3,999,999,0,999,999,0,999,999,0,None,None,True
9511855,-1.92,3.19,17.89432,999,999,999,999,2.43,9.36,3,-1.51,8.76,3,-2.21,6.29,3,999,999,0,999,999,0,999,999,0,None,LeftArrow,True
9511855,-2.01,3.14,18.89432,999,999,999,999,2.33,8.80,3,-1.33,8.26,3,-2.03,5.74,1,999,999,0,999,999,0,999,999,0,None,LeftArrow,True
9511855,-1.71,2.51,18.89432,999,999,999,999,2.30,8.23,3,-1.21,7.75,3,-1.77,5.22,1,999,999,0,999,999,0,999,999,0,DownArrow,RightArrow,False
9511856,-1.30,2.05,19.89432,999,999,999,999,2.32,7.66,3,-1.15,7.22,3,-1.47,4.72,1,999,999,0,999,999,0,999,999,0,DownArrow,RightArrow,True
9511856,-1.30,1.99,20.89432,999,999,999,999,-0.25,9.15,3,2.34,7.13,3,-1.18,6.73,3,999,999,0,999,999,0,999,999,0,None,None,True
9511856,-1.30,2.33,20.89432,999,999,999,999,-0.36,8.60,3,2.33,6.56,3,-1.26,6.20,1,999,999,0,999,999,0,999,999,0,UpArrow,None,False
9511856,-1.30,2.61,21.89432,999,999,999,999,-0.48,8.05,3,2.24,6.00,3,-1.35,5.68,1,999,999,0,999,999,0,999,999,0,UpArrow,None,True
9511857,-0.66,1.64,21.89432,999,999,999,999,1.70,9.21,5,-0.58,7.53,3,2.07,5.49,3,999,999,0,999,999,0,999,999,0,DownArrow,RightArrow,False
9511857,0.28,0.63,21.89432,999,999,999,999,1.60,8.84,5,-0.62,6.97,3,1.81,4.98,3,999,999,0,999,999,0,999,999,0,DownArrow,RightArrow,False
9511857,1.40,0.27,21.89432,999,999,999,999,1.55,8.47,5,-0.57,6.41,3,1.51,4.50,3,999,999,0,999,999,0,999,999,0,DownArrow,RightArrow,False
9511857,1.07,0.21,23.89432,999,999,999,999,1.55,8.11,5,-0.44,5.90,3,1.22,4.06,3,999,999,0,999,999,0,999,999,0,None,LeftArrow,True
9511858,0.82,1.13,23.89432,999,999,999,999,2.01,9.43,3,1.58,7.73,5,-0.25,5.37,3,999,999,0,999,999,0,999,999,0,UpArrow,LeftArrow,False
9511858,0.24,1.48,24.89432,999,999,999,999,2.03,9.09,3,1.63,7.36,5,-0.03,4.85,3,999,999,0,999,999,0,999,999,0,UpArrow,LeftArrow,True
9511858,0.24,1.42,25.89432,999,999,999,999,2.04,8.76,3,1.65,7.00,5,0.14,4.35,1,999,999,0,999,999,0,999,999,0,None,None,True
9511858,0.93,1.87,25.89432,999,999,999,999,1.39,9.25,5,2.02,8.42,3,1.64,6.62,5,999,999,0,999,999,0,999,999,0,UpArrow,RightArrow,False
9511859,1.29,2.25,26.89432,999,999,999,999,1.34,8.90,5,1.95,8.08,3,1.57,6.25,5,999,999,0,999,999,0,999,999,0,UpArrow,RightArrow,True
9511859,1.29,2.19,28.89432,999,999,999,999,1.25,8.55,5,1.83,7.75,3,1.43,5.90,3,999,999,0,999,999,0,999,999,0,None,None,True
9511859,1.29,2.87,28.89432,999,999,999,999,-1.42,9.44,3,1.61,9.44,5,1.14,8.24,5,1.70,7.45,3,999,999,0,999,999,0,UpArrow,None,False
951190,1.29,3.39,29.89432,1.17467,9.024994,999,999,-2.06,9.21,3,-1.33,9.21,3,-1.47,8.99,3,1.55,9.28,5,1.01,7.90,5,1.56,7.14,3,UpArrow,None,True
951190,1.29,3.34,31.89432,0.9248895,8.264984,999,999,1.74,9.47,3,-1.98,8.72,3,-1.36,8.88,3,-1.51,8.54,3,1.49,9.12,5,0.90,7.56,5,None,None,True
951190,0.84,3.90,32.89432,0.6907192,7.552475,999,999,1.63,9.04,3,-1.97,8.27,3,-1.36,8.57,3,-1.50,8.12,3,1.45,8.97,5,0.82,7.23,2,UpArrow,LeftArrow,True
951190,0.84,3.75,33.89432,0.4409376,6.792465,999,999,1.62,9.37,3,1.56,8.56,3,-2.00,7.78,3,-1.31,8.24,3,-1.43,7.67,3,1.43,8.80,5,None,None,True
951191,0.51,3.79,34.89432,0.191156,6.032455,999,999,1.61,9.01,3,1.55,8.08,2,-2.03,7.30,3,-1.23,7.92,3,-1.30,7.24,3,1.43,8.63,5,UpArrow,LeftArrow,True
951191,0.51,5.02,34.89432,999,999,999,999,1.63,8.68,3,1.59,7.63,1,-2.04,6.84,3,-1.12,7.63,3,-1.15,6.85,3,1.44,8.47,5,UpArrow,None,False
951191,-0.57,4.69,34.89432,999,999,999,999,1.67,8.33,3,1.65,7.16,1,-2.00,6.36,3,-1.00,7.32,3,-0.96,6.43,3,1.47,8.30,5,DownArrow,LeftArrow,False
951191,-1.50,3.74,34.89432,999,999,999,999,1.70,7.97,3,1.69,6.68,1,-1.87,5.89,3,-0.88,7.01,3,-0.80,6.01,3,1.48,8.13,5,DownArrow,LeftArrow,False
951192,-1.80,2.57,14.40332,999,999,999,999,1.68,7.62,3,1.67,6.20,1,-1.67,5.44,3,-0.80,6.69,3,-0.68,5.57,3,1.48,7.97,5,DownArrow,RightArrow,True
951192,-0.84,1.82,15.40332,999,999,999,999,1.63,7.29,3,1.58,5.76,1,-1.45,5.05,1,-0.78,6.38,3,-0.64,5.15,3,1.46,7.81,5,DownArrow,RightArrow,True
951192,-0.73,1.25,17.40332,999,999,999,999,1.84,9.50,3,1.52,6.95,3,1.41,5.31,1,-0.80,6.05,3,1.41,7.64,5,999,999,0,DownArrow,RightArrow,True
951192,-0.73,1.19,18.40332,999,999,999,999,1.65,8.97,3,1.38,6.63,3,1.19,4.88,1,-0.86,5.72,1,1.35,7.49,5,999,999,0,None,None,True
951193,-0.24,1.69,19.40332,999,999,999,999,0.00,9.39,5,1.45,8.48,3,1.23,6.33,3,0.96,4.49,1,1.28,7.34,5,999,999,0,UpArrow,RightArrow,True
951193,0.50,1.62,20.40332,999,999,999,999,-0.05,9.15,5,1.26,7.96,3,1.09,6.00,3,0.74,4.07,1,1.22,7.18,5,999,999,0,None,RightArrow,True
951193,0.50,1.56,22.40332,999,999,999,999,0.22,9.50,3,-1.37,9.24,3,-0.08,8.91,4,1.11,7.41,3,0.98,5.66,3,1.17,7.02,5,None,None,True
951193,0.73,1.82,22.40332,999,999,999,999,-2.03,9.50,3,0.10,8.98,3,-1.40,8.92,3,-0.08,8.68,4,1.05,6.89,3,1.15,6.86,5,UpArrow,RightArrow,False
951194,0.79,2.08,24.40332,999,999,999,999,-2.06,9.06,3,-0.05,8.42,3,-1.44,8.57,3,-0.05,8.43,4,1.06,6.33,3,1.16,6.69,5,UpArrow,RightArrow,True
951194,0.79,2.03,25.40332,999,999,999,999,-0.46,9.43,3,-2.07,8.62,3,-0.17,7.86,3,-1.47,8.23,3,0.01,8.19,4,1.18,6.53,5,None,None,True
951194,1.17,2.26,26.40332,999,999,999,999,-0.37,9.10,3,-2.04,8.20,3,-0.23,7.32,3,-1.46,7.90,3,0.07,7.97,4,1.21,6.37,3,UpArrow,RightArrow,True
951194,0.57,2.82,26.40332,999,999,999,999,-0.28,8.75,3,-1.95,7.77,3,-0.20,6.75,3,-1.41,7.56,3,0.12,7.73,4,1.23,6.20,1,UpArrow,LeftArrow,False
951195,0.57,2.74,26.40332,999,999,999,999,-0.22,8.38,3,-1.80,7.36,3,-0.09,6.19,3,-1.31,7.23,3,0.16,7.48,4,1.24,6.03,1,None,None,False
951195,0.45,2.13,26.40332,999,999,999,999,-0.21,8.04,3,-1.63,6.98,3,0.07,5.67,3,-1.19,6.93,3,0.16,7.25,4,1.22,5.88,1,DownArrow,LeftArrow,False
951195,0.27,1.13,26.40332,999,999,999,999,-0.25,7.68,3,-1.43,6.58,3,0.26,5.13,3,-1.05,6.61,3,0.12,7.01,4,1.17,5.71,1,DownArrow,LeftArrow,False
951195,0.27,0.88,26.40332,999,999,999,999,-0.32,7.32,3,-1.26,6.18,3,0.42,4.58,3,-0.92,6.29,3,0.06,6.77,4,1.10,5.56,1,DownArrow,None,False
951196,0.27,0.39,26.40332,999,999,999,999,-0.42,6.96,3,-1.13,5.76,3,0.49,4.01,3,-0.83,5.95,3,-0.02,6.53,4,1.02,5.41,1,DownArrow,None,False
951196,0.52,0.33,19.28979,999,999,999,999,-0.49,6.63,3,-1.07,5.35,3,0.44,3.48,1,-0.80,5.63,3,-0.08,6.31,4,0.95,5.26,1,None,RightArrow,True
951196,0.03,0.28,21.28979,999,999,999,999,-0.54,6.26,3,-1.10,4.91,3,-0.83,5.28,3,-0.13,6.07,4,0.90,5.10,1,999,999,0,None,LeftArrow,True
951197,-0.21,1.10,21.28979,999,999,999,999,-0.52,5.90,3,-1.18,4.47,3,-0.90,4.95,3,-0.13,5.82,4,999,999,0,999,999,0,UpArrow,LeftArrow,False
951197,-0.54,1.03,22.28979,999,999,999,999,-0.45,5.56,2,-1.28,4.07,3,-0.99,4.63,3,-0.09,5.59,3,999,999,0,999,999,0,None,LeftArrow,True
951197,-0.95,0.98,23.28979,999,999,999,999,-0.32,5.21,1,-1.36,3.64,3,-1.06,4.29,2,-0.01,5.36,3,999,999,0,999,999,0,None,LeftArrow,True
951197,-0.95,0.93,25.28979,999,999,999,999,0.23,9.48,3,-0.18,4.88,1,-1.07,3.95,2,0.07,5.13,3,999,999,0,999,999,0,None,None,True
951198,-0.72,1.08,26.28979,999,999,999,999,-0.43,9.44,5,0.22,9.20,3,-0.05,4.56,1,0.15,4.91,3,999,999,0,999,999,0,UpArrow,RightArrow,True
951198,-0.46,1.38,27.28979,1.442523,9.200153,999,999,-1.43,9.39,5,-0.38,9.20,5,0.25,8.90,3,0.20,4.67,3,999,999,0,999,999,0,UpArrow,RightArrow,True
951198,0.37,1.38,27.28979,1.416761,8.400562,999,999,-1.34,9.12,4,-0.37,8.96,5,0.31,8.60,3,0.20,4.42,2,999,999,0,999,999,0,None,RightArrow,False
951198,0.37,1.37,28.28979,1.392608,7.650949,999,999,-1.25,8.86,3,-0.39,8.73,4,0.38,8.33,3,0.15,4.19,2,999,999,0,999,999,0,None,None,True
951199,0.37,1.31,30.28979,1.366844,6.851366,999,999,1.10,9.21,3,-1.15,8.59,3,-0.43,8.49,4,0.44,8.03,3,999,999,0,999,999,0,None,None,True
951199,0.84,1.71,30.28979,1.341081,6.051782,999,999,0.95,8.79,3,-1.09,8.30,3,-0.48,8.25,4,0.46,7.73,1,999,999,0,999,999,0,UpArrow,RightArrow,False
951199,1.60,2.64,30.28979,1.315317,5.252199,999,999,-0.15,9.27,3,0.82,8.37,3,-1.05,8.01,3,-0.53,8.01,4,999,999,0,999,999,0,UpArrow,RightArrow,False
951199,1.32,3.59,30.28979,1.291164,4.502589,999,999,-0.22,8.79,3,0.72,7.97,3,-1.06,7.74,3,-0.55,7.78,4,999,999,0,999,999,0,UpArrow,LeftArrow,False
9511910,1.15,3.35,30.28979,999,999,999,999,-0.22,8.26,3,0.68,7.53,3,-1.10,7.45,3,-0.55,7.54,4,999,999,0,999,999,0,DownArrow,LeftArrow,False
9511910,0.68,2.13,30.28979,999,999,999,999,-0.15,7.74,3,0.70,7.09,3,-1.15,7.17,3,-0.51,7.30,4,999,999,0,999,999,0,DownArrow,LeftArrow,False
9511910,-0.02,1.36,5.988468,999,999,999,999,-0.04,7.27,3,0.77,6.68,3,-1.19,6.90,3,-0.44,7.08,4,999,999,0,999,999,0,DownArrow,LeftArrow,True
9511910,-0.02,1.30,6.988468,999,999,999,999,0.11,6.76,3,0.86,6.25,3,-1.20,6.61,3,-0.36,6.85,4,999,999,0,999,999,0,None,None,True
9511911,0.07,1.24,8.988468,999,999,999,999,0.25,6.26,1,0.95,5.82,1,-1.16,6.32,3,-0.29,6.62,4,999,999,0,999,999,0,None,RightArrow,True
9511911,0.31,1.20,9.988468,999,999,999,999,-1.08,6.05,3,-0.23,6.40,4,999,999,0,999,999,0,999,999,0,999,999,0,None,LeftArrow,True
9511911,0.06,1.14,10.98847,999,999,999,999,0.01,9.45,3,-0.97,5.79,3,-0.22,6.15,2,999,999,0,999,999,0,999,999,0,None,LeftArrow,True
9511911,-0.64,1.35,10.98847,999,999,999,999,2.37,9.27,3,-0.03,9.02,2,-0.84,5.52,3,999,999,0,999,999,0,999,999,0,UpArrow,LeftArrow,False
9511912,-0.64,1.27,10.98847,999,999,999,999,2.37,8.77,3,-0.10,8.63,2,-0.73,5.27,3,999,999,0,999,999,0,999,999,0,None,None,False
9511912,-0.64,1.21,11.98847,999,999,999,999,2.33,8.24,3,-0.21,8.21,2,-0.65,5.00,3,999,999,0,999,999,0,999,999,0,None,None,True
9511912,-0.64,2.05,12.98847,999,999,999,999,0.26,9.47,3,2.22,7.72,3,-0.30,7.79,2,999,999,0,999,999,0,999,999,0,UpArrow,None,True
9511913,-0.64,3.21,12.98847,999,999,999,999,0.19,9.08,3,2.05,7.26,3,-0.36,7.40,2,999,999,0,999,999,0,999,999,0,UpArrow,None,False
9511913,-0.39,3.22,12.98847,999,999,999,999,0.17,8.65,3,1.83,6.78,3,-0.37,6.97,2,999,999,0,999,999,0,999,999,0,UpArrow,RightArrow,False
9511913,-0.23,3.16,13.98847,999,999,999,999,0.20,8.22,3,1.58,6.30,3,-0.30,6.54,2,999,999,0,999,999,0,999,999,0,None,RightArrow,True
9511913,-0.23,2.93,14.98847,999,999,999,999,-1.18,9.37,3,0.27,7.83,3,1.36,5.86,3,999,999,0,999,999,0,999,999,0,DownArrow,None,True
9511914,0.71,1.92,14.98847,999,999,999,999,-1.19,9.07,3,0.38,7.41,1,1.18,5.36,3,999,999,0,999,999,0,999,999,0,DownArrow,RightArrow,False
9511914,0.71,1.69,15.98847,999,999,999,999,-1.16,8.76,3,0.48,7.00,1,1.08,4.84,3,999,999,0,999,999,0,999,999,0,DownArrow,None,True
9511914,0.71,1.63,16.98847,999,999,999,999,-1.10,8.47,3,0.54,6.57,1,1.09,4.31,1,999,999,0,999,999,0,999,999,0,None,None,True
9511914,0.71,2.23,17.98847,999,999,999,999,-1.01,8.20,3,0.53,6.17,1,999,999,0,999,999,0,999,999,0,999,999,0,UpArrow,None,True
9511915,0.71,2.72,18.98847,999,999,999,999,-1.37,9.24,3,-0.91,7.92,3,999,999,0,999,999,0,999,999,0,999,999,0,UpArrow,None,True
9511915,0.18,2.74,19.98847,999,999,999,999,-1.23,8.86,3,-0.81,7.63,3,999,999,0,999,999,0,999,999,0,999,999,0,UpArrow,LeftArrow,True
9511915,-0.58,3.67,19.98847,999,999,999,999,-1.14,8.49,3,-0.74,7.35,3,999,999,0,999,999,0,999,999,0,999,999,0,UpArrow,LeftArrow,False
9511915,-0.58,4.58,19.98847,999,999,999,999,-1.19,9.27,3,1.16,9.15,3,-1.08,8.09,3,-0.70,7.05,3,999,999,0,999,999,0,UpArrow,None,False
9511916,-0.58,4.58,20.98847,999,999,999,999,-1.18,8.75,3,1.06,8.64,3,-1.09,7.69,3,-0.72,6.75,1,999,999,0,999,999,0,None,None,True
9511916,-0.58,4.58,22.98847,999,999,999,999,-0.73,9.36,3,-1.23,8.26,3,0.92,8.18,3,-1.13,7.31,3,999,999,0,999,999,0,None,None,True
9511916,-1.05,5.05,23.98847,999,999,999,999,-0.79,8.99,3,-1.31,7.75,3,0.74,7.70,3,-1.20,6.91,1,999,999,0,999,999,0,UpArrow,LeftArrow,True
9511916,-1.05,4.38,24.98847,999,999,999,999,-2.27,9.41,5,-0.85,8.62,3,-1.37,7.23,3,0.58,7.21,3,999,999,0,999,999,0,DownArrow,None,True
9511917,-0.82,3.15,25.98847,999,999,999,999,-2.26,9.29,5,-0.88,8.25,3,-1.39,6.71,1,0.46,6.71,3,999,999,0,999,999,0,DownArrow,RightArrow,True
9511917,0.14,2.37,25.98847,999,999,999,999,1.29,9.11,3,-2.24,9.17,5,-0.86,7.89,3,0.42,6.23,3,999,999,0,999,999,0,DownArrow,RightArrow,False
9511917,0.30,2.33,27.98847,999,999,999,999,1.28,8.66,3,-2.21,9.06,5,-0.79,7.55,3,0.45,5.75,1,999,999,0,999,999,0,None,RightArrow,True
9511917,-0.37,2.76,28.98847,999,999,999,999,-0.22,9.41,3,1.32,8.17,3,-2.16,8.94,5,-0.68,7.19,3,999,999,0,999,999,0,UpArrow,LeftArrow,True
9511918,-0.37,3.47,29.98847,999,999,999,999,-0.12,9.03,3,1.39,7.69,3,-2.11,8.83,5,-0.55,6.84,1,999,999,0,999,999,0,UpArrow,None,True
9511918,0.12,3.45,30.98847,999,999,999,999,1.66,9.35,3,-0.03,8.65,3,1.45,7.21,3,-2.06,8.72,5,999,999,0,999,999,0,None,RightArrow,True
9511918,1.12,2.80,30.98847,999,999,999,999,1.56,9.08,3,0.03,8.29,1,1.46,6.76,3,-2.02,8.60,5,999,999,0,999,999,0,DownArrow,RightArrow,False
9511918,1.51,3.11,31.98847,999,999,999,999,1.45,8.80,3,0.05,7.90,1,1.40,6.28,3,-2.00,8.48,5,999,999,0,999,999,0,UpArrow,RightArrow,True
9511919,0.32,3.08,32.98847,999,999,999,999,1.36,8.50,3,0.00,7.52,1,1.27,5.81,1,-1.98,8.36,5,999,999,0,999,999,0,UpArrow,LeftArrow,True
9511919,0.26,4.26,33.98847,999,999,999,999,-0.65,9.25,3,1.30,8.22,3,-0.08,7.16,1,-1.99,8.24,5,999,999,0,999,999,0,UpArrow,LeftArrow,True
9511919,-0.15,4.26,34.98847,999,999,999,999,1.63,9.29,3,-0.61,8.95,3,1.29,7.91,3,-2.00,8.12,5,999,999,0,999,999,0,None,LeftArrow,True
9511920,0.95,4.61,35.98847,999,999,999,999,1.65,8.95,3,-0.54,8.65,1,1.31,7.60,3,-2.00,7.99,5,999,999,0,999,999,0,UpArrow,RightArrow,True
9511920,1.00,5.33,36.98847,999,999,999,999,-2.46,9.30,5,1.68,8.63,3,1.35,7.32,1,-2.00,7.87,5,999,999,0,999,999,0,UpArrow,RightArrow,True
9511920,0.51,5.33,37.98847,999,999,999,999,-1.55,9.38,3,-2.39,8.92,5,1.71,8.29,3,-1.98,7.75,5,999,999,0,999,999,0,None,LeftArrow,True
9511920,-0.82,5.33,37.98847,999,999,999,999,-1.44,9.01,3,-2.28,8.54,5,1.72,7.95,3,-1.95,7.63,5,999,999,0,999,999,0,None,LeftArrow,False
9511921,-2.06,5.33,38.98847,999,999,999,999,-1.36,8.62,3,-2.12,8.18,5,1.68,7.61,3,-1.90,7.51,5,999,999,0,999,999,0,None,LeftArrow,True
9511921,-2.06,4.58,39.98847,999,999,999,999,-1.34,8.26,3,-1.96,7.84,5,1.60,7.30,3,-1.85,7.41,3,999,999,0,999,999,0,DownArrow,None,True
9511921,-2.06,3.26,41.98847,999,999,999,999,-1.36,7.86,3,-1.80,7.49,5,1.48,6.98,3,999,999,0,999,999,0,999,999,0,DownArrow,None,True
9511921,-2.06,1.93,42.98847,999,999,999,999,-1.73,9.10,3,-1.41,7.48,3,-1.66,7.12,3,1.34,6.67,3,999,999,0,999,999,0,DownArrow,None,True
9511922,-1.88,0.76,43.98847,999,999,999,999,-1.64,8.69,3,-1.46,7.11,3,-1.58,6.76,1,1.20,6.38,3,999,999,0,999,999,0,DownArrow,RightArrow,True
9511922,-0.63,0.59,44.98847,999,999,999,999,-1.61,8.24,3,-1.49,6.72,3,1.08,6.06,3,999,999,0,999,999,0,999,999,0,DownArrow,RightArrow,True
9511922,0.69,0.59,44.98847,999,999,999,999,-1.63,7.79,3,-1.46,6.33,1,1.01,5.72,3,999,999,0,999,999,0,999,999,0,None,RightArrow,False
9511922,0.69,1.25,44.98847,999,999,999,999,-1.68,7.37,3,-1.37,5.97,1,0.99,5.41,3,999,999,0,999,999,0,999,999,0,UpArrow,None,False
9511923,0.69,2.04,45.98847,999,999,999,999,-1.72,6.93,3,-1.22,5.61,1,1.03,5.07,3,999,999,0,999,999,0,999,999,0,UpArrow,None,True
9511923,-0.13,1.96,46.98847,999,999,999,999,-1.73,6.48,3,-1.04,5.26,1,999,999,0,999,999,0,999,999,0,999,999,0,None,LeftArrow,True
9511923,-0.72,1.94,47.98847,999,999,999,999,-1.67,6.06,3,-0.87,4.93,1,999,999,0,999,999,0,999,999,0,999,999,0,None,LeftArrow,True
9511923,-1.05,1.90,49.98847,999,999,999,999,-1.71,9.27,3,-1.54,5.63,3,999,999,0,999,999,0,999,999,0,999,999,0,None,LeftArrow,True
9511924,-1.50,2.48,50.98847,999,999,999,999,1.60,9.37,3,-1.61,8.97,3,999,999,0,999,999,0,999,999,0,999,999,0,UpArrow,LeftArrow,True
9511924,-1.25,2.41,50.98847,999,999,999,999,1.51,8.91,3,-1.50,8.69,3,999,999,0,999,999,0,999,999,0,999,999,0,None,RightArrow,False
9511924,-0.52,3.31,50.98847,999,999,999,999,1.36,8.42,3,-1.39,8.40,1,999,999,0,999,999,0,999,999,0,999,999,0,UpArrow,RightArrow,False
9511924,-1.03,4.11,51.98847,999,999,999,999,1.18,7.94,3,-1.29,8.09,1,999,999,0,999,999,0,999,999,0,999,999,0,UpArrow,LeftArrow,True
9511925,-1.03,3.86,52.98847,999,999,999,999,-1.74,9.49,5,1.00,7.47,3,999,999,0,999,999,0,999,999,0,999,999,0,DownArrow,None,True
9511925,-0.30,2.97,52.98847,999,999,999,999,-1.75,9.39,4,0.85,7.02,3,999,999,0,999,999,0,999,999,0,999,999,0,DownArrow,RightArrow,False
9511925,0.61,2.95,53.98847,0.3400384,9.400061,999,999,1.27,9.46,5,-1.74,9.29,4,0.75,6.52,3,999,999,0,999,999,0,999,999,0,None,RightArrow,True
9511926,0.61,2.91,54.98847,0.3121063,8.600546,999,999,0.03,9.13,3,0.61,9.09,3,1.17,9.17,5,-1.72,9.19,4,0.74,6.01,1,999,999,0,None,None,True
9511926,0.31,3.87,55.98847,0.2859198,7.851001,999,999,-2.43,9.08,3,0.11,8.63,3,0.48,8.64,3,1.07,8.90,5,-1.69,9.10,4,999,999,0,UpArrow,LeftArrow,True
9511926,0.31,5.19,55.98847,0.2579877,7.051486,999,999,-2.41,8.56,3,0.23,8.10,1,0.37,8.16,1,0.99,8.61,5,-1.65,9.00,4,999,999,0,UpArrow,None,False
9511926,0.31,6.10,55.98847,999,999,999,999,-2.33,8.05,3,0.36,7.58,1,0.32,7.67,1,0.95,8.31,5,-1.62,8.91,4,999,999,0,UpArrow,None,False
9511927,0.31,5.19,55.98847,999,999,999,999,-2.19,7.58,3,0.45,7.08,1,0.34,7.21,1,0.94,8.02,5,-1.59,8.82,4,999,999,0,DownArrow,None,False
9511927,0.31,3.86,34.8348,999,999,999,999,-1.98,7.10,3,0.48,6.54,1,0.42,6.73,1,0.97,7.72,5,-1.56,8.72,4,999,999,0,DownArrow,None,True
9511927,0.31,2.53,35.8348,999,999,999,999,-0.39,9.29,3,-2.25,9.34,5,-1.74,6.64,3,1.02,7.42,5,-1.55,8.62,4,999,999,0,DownArrow,None,True
9511927,0.31,2.12,36.8348,999,999,999,999,-0.24,8.73,3,-2.24,9.09,5,-1.51,6.18,3,1.08,7.12,4,-1.55,8.52,4,999,999,0,DownArrow,None,True
9511928,0.89,2.12,37.8348,999,999,999,999,-0.13,8.20,1,-2.25,8.85,5,-1.32,5.73,3,1.10,6.83,3,-1.56,8.42,4,999,999,0,None,RightArrow,True
9511928,-0.35,2.08,38.8348,999,999,999,999,-2.26,8.60,5,-1.18,5.23,3,1.09,6.53,2,-1.57,8.32,4,999,999,0,999,999,0,None,LeftArrow,True
9511928,-0.93,2.01,40.8348,999,999,999,999,-2.26,8.34,5,-1.15,4.71,1,-1.58,8.22,4,999,999,0,999,999,0,999,999,0,None,LeftArrow,True
9511928,-0.93,1.97,41.8348,999,999,999,999,-0.36,9.30,3,-2.23,8.11,5,-1.57,8.12,4,999,999,0,999,999,0,999,999,0,None,None,True
9511929,-1.40,3.02,41.8348,999,999,999,999,-0.33,8.75,3,-2.17,7.86,5,-1.56,8.02,4,999,999,0,999,999,0,999,999,0,UpArrow,LeftArrow,False
9511929,-1.40,4.28,41.8348,999,999,999,999,-0.23,8.22,2,-2.07,7.63,5,-1.52,7.93,3,999,999,0,999,999,0,999,999,0,UpArrow,None,False
9511929,-2.07,4.46,41.8348,999,999,999,999,-0.09,7.73,2,-1.97,7.41,5,-1.49,7.84,3,999,999,0,999,999,0,999,999,0,UpArrow,LeftArrow,False
9511929,-1.49,4.46,42.8348,999,999,999,999,-1.93,9.40,3,2.28,9.34,5,-1.13,9.14,3,0.06,7.21,2,-1.86,7.19,5,-1.45,7.74,3,None,RightArrow,True
9511930,-1.49,4.45,43.8348,999,999,999,999,-1.82,8.88,3,2.23,8.96,5,-1.04,8.61,3,0.18,6.68,2,-1.76,6.95,1,-1.41,7.65,3,None,None,True
9511930,-1.49,4.45,45.8348,999,999,999,999,0.73,9.38,3,-1.66,8.41,3,2.22,8.60,5,-0.91,8.13,3,0.24,6.17,2,-1.39,7.56,3,None,None,True
9511930,-1.43,3.24,45.8348,999,999,999,999,0.81,8.89,3,-1.46,7.92,3,2.23,8.21,5,-0.74,7.63,3,0.20,5.63,2,-1.38,7.46,1,DownArrow,RightArrow,False
9511930,-0.61,2.25,45.8348,999,999,999,999,0.90,8.41,3,-1.25,7.43,3,2.25,7.83,5,-0.56,7.13,3,0.07,5.10,2,-1.38,7.35,1,DownArrow,RightArrow,False
9511931,-0.61,1.34,46.8348,999,999,999,999,0.95,7.92,3,-1.08,6.93,3,2.24,7.44,5,-0.41,6.62,3,-0.12,4.59,2,-1.39,7.25,1,DownArrow,None,True
9511931,-0.61,1.31,47.8348,999,999,999,999,-2.06,9.26,3,0.95,7.46,3,-0.97,6.45,3,2.19,7.09,5,-0.34,6.13,3,-1.41,7.16,1,None,None,True
9511931,-0.32,2.35,48.8348,999,999,999,999,-2.02,8.96,3,0.87,6.98,3,-0.95,5.92,3,2.08,6.72,5,-0.36,5.60,1,-1.41,7.06,1,UpArrow,RightArrow,True
9511932,-0.90,2.88,50.8348,999,999,999,999,-2.02,8.65,3,0.73,6.51,3,-1.01,5.39,2,1.92,6.37,5,-1.41,6.95,1,999,999,0,UpArrow,LeftArrow,True
9511932,-0.90,2.82,51.8348,999,999,999,999,-2.03,8.37,3,0.56,6.08,3,1.75,6.05,5,-1.39,6.86,1,999,999,0,999,999,0,None,None,True
9511932,-1.48,2.75,51.8348,999,999,999,999,-2.05,8.06,3,0.37,5.63,3,1.56,5.72,5,999,999,0,999,999,0,999,999,0,None,LeftArrow,False
9511932,-1.25,2.15,52.8348,999,999,999,999,-2.05,7.76,3,0.22,5.16,3,1.40,5.37,5,999,999,0,999,999,0,999,999,0,DownArrow,RightArrow,True
9511933,-0.37,1.20,52.8348,999,999,999,999,-2.02,7.48,1,0.15,4.70,3,1.29,5.03,5,999,999,0,999,999,0,999,999,0,DownArrow,RightArrow,False
9511933,0.54,0.73,53.8348,999,999,999,999,-1.94,7.18,1,0.18,4.21,3,1.25,4.64,5,999,999,0,999,999,0,999,999,0,DownArrow,RightArrow,True
9511933,1.12,0.68,54.8348,999,999,999,999,-1.83,6.90,1,0.30,3.74,1,1.28,4.26,5,999,999,0,999,999,0,999,999,0,None,RightArrow,True
9511933,1.40,1.46,56.8348,0.6023723,8.903511,999,999,-2.19,9.42,5,2.22,9.38,5,-1.70,6.64,1,1.36,3.91,2,999,999,0,999,999,0,UpArrow,RightArrow,True
9511934,0.82,1.37,57.8348,0.5159081,8.108192,999,999,-1.74,9.38,3,-2.17,9.11,5,2.17,9.21,5,-1.56,6.37,1,999,999,0,999,999,0,None,LeftArrow,True
9511934,-0.50,1.30,57.8348,0.4294436,7.312881,999,999,-1.76,9.05,3,-2.18,8.81,5,2.10,9.06,5,-1.44,6.09,1,999,999,0,999,999,0,None,LeftArrow,False
9511934,-0.93,2.18,58.8348,0.3483832,6.567276,999,999,-1.78,8.75,3,-2.20,8.52,5,2.04,8.91,4,-1.36,5.82,1,999,999,0,999,999,0,UpArrow,LeftArrow,True
9511934,-0.93,3.25,59.8348,0.2619188,5.771966,999,999,1.27,9.34,3,-1.80,8.43,3,-2.20,8.21,5,1.97,8.75,4,999,999,0,999,999,0,UpArrow,None,True
9511935,-0.76,3.16,60.8348,0.1754544,4.976655,999,999,1.13,8.83,3,-1.78,8.10,2,-2.17,7.90,5,1.93,8.59,4,999,999,0,999,999,0,None,RightArrow,True
9511935,0.24,3.67,60.8348,0.09439418,4.23105,999,999,0.97,8.37,3,-1.73,7.81,1,-2.11,7.62,5,1.90,8.43,4,999,999,0,999,999,0,UpArrow,RightArrow,False
9511935,-1.06,3.66,60.8348,999,999,999,999,0.80,7.87,3,-1.62,7.50,1,-2.00,7.33,5,1.89,8.26,4,999,999,0,999,999,0,UpArrow,LeftArrow,False
9511935,-1.89,3.60,41.8348,999,999,999,999,0.24,9.38,5,0.27,9.26,3,0.65,7.37,3,-1.50,7.20,1,-1.86,7.05,5,1.90,8.09,4,None,LeftArrow,True
9511936,-1.23,3.54,42.8348,999,999,999,999,-0.72,9.32,3,0.20,8.98,5,0.37,8.83,3,0.56,6.85,3,-1.72,6.77,3,1.92,7.92,4,None,RightArrow,True
9511936,-1.15,3.47,44.8348,999,999,999,999,-0.60,8.88,3,0.21,8.61,5,0.44,8.43,3,0.55,6.36,3,-1.60,6.51,1,1.92,7.76,4,None,RightArrow,True
9511936,-0.49,3.41,44.8348,-1.062426,8.843229,999,999,-1.22,9.08,3,-0.52,8.40,3,0.26,8.21,5,0.47,8.00,3,0.62,5.84,3,1.91,7.59,4,None,RightArrow,False
9511936,0.19,2.34,44.8348,-0.7856514,8.092634,999,999,-1.06,8.61,2,-0.50,7.91,2,0.35,7.83,5,0.45,7.56,3,0.75,5.33,3,1.88,7.42,4,DownArrow,RightArrow,False
9511937,0.88,1.75,45.8348,-0.5261754,7.388951,999,999,-0.90,8.17,2,-0.55,7.45,2,0.44,7.46,5,0.37,7.16,3,0.88,4.86,3,1.82,7.27,4,DownArrow,RightArrow,True
9511937,0.88,1.71,47.8348,-0.249401,6.638356,999,999,0.98,9.43,5,-0.76,7.69,2,-0.64,6.97,2,0.51,7.07,5,0.24,6.74,3,1.75,7.12,4,None,None,True
9511937,0.88,2.54,48.8348,0.02737319,5.887761,999,999,0.98,9.05,5,-0.67,7.20,2,-0.76,6.49,2,0.54,6.67,4,0.10,6.33,2,1.68,6.96,4,UpArrow,None,True
9511937,0.47,2.50,50.8348,0.2868489,5.184078,999,999,-1.10,9.49,5,0.94,8.69,5,-0.65,6.73,2,-0.84,6.04,2,0.50,6.30,2,1.61,6.82,4,None,LeftArrow,True
9511938,0.47,3.24,51.8348,0.563623,4.433483,999,999,-1.49,9.30,3,-1.11,9.31,5,0.85,8.32,5,-0.70,6.24,2,-0.87,5.55,2,1.56,6.66,4,UpArrow,None,True
9511938,1.21,3.18,52.8348,999,999,999,999,-1.41,8.76,3,-1.13,9.12,5,0.73,7.96,3,-0.81,5.75,2,-0.81,5.06,2,1.53,6.49,4,None,RightArrow,True
9511938,0.59,2.80,52.8348,999,999,999,999,-1.29,8.27,3,-1.16,8.95,5,0.61,7.62,1,-0.93,5.30,2,-0.67,4.62,2,1.52,6.33,4,DownArrow,LeftArrow,False
9511939,-0.35,1.79,52.8348,999,999,999,999,-1.10,7.76,3,-1.17,8.77,5,0.50,7.26,1,-1.02,4.81,2,-0.47,4.17,2,1.54,6.16,4,DownArrow,LeftArrow,False
9511939,-0.88,1.03,33.8348,999,999,999,999,-0.90,7.26,3,-1.17,8.59,5,0.44,6.88,1,-1.02,4.31,2,-0.24,3.74,2,1.57,5.99,4,DownArrow,LeftArrow,True
9511939,-0.88,0.97,34.8348,999,999,999,999,2.27,9.46,3,-0.72,6.74,3,-1.15,8.41,5,0.43,6.50,1,1.59,5.82,4,999,999,0,None,None,True
9511939,-0.55,0.91,35.8348,999,999,999,999,1.67,9.20,3,2.25,9.13,3,-0.60,6.25,3,-1.10,8.24,5,0.48,6.15,1,1.58,5.66,4,None,RightArrow,True
9511940,0.73,0.97,36.8348,999,999,999,999,1.69,8.83,3,2.26,8.79,3,-0.56,5.71,1,-1.04,8.07,5,0.57,5.78,1,1.55,5.49,4,UpArrow,RightArrow,True
9511940,0.95,1.61,38.8348,999,999,999,999,1.73,8.46,3,2.28,8.44,3,-0.98,7.90,5,0.68,5.41,1,1.49,5.33,4,999,999,0,UpArrow,RightArrow,True
9511940,1.62,1.52,39.8348,999,999,999,999,2.09,9.15,3,1.75,8.12,3,2.28,8.12,3,-0.93,7.74,5,1.41,5.19,1,999,999,0,None,RightArrow,True
9511940,1.62,2.37,39.8348,999,999,999,999,-0.61,9.28,3,2.06,8.69,3,1.73,7.75,3,2.24,7.78,3,-0.89,7.56,5,999,999,0,UpArrow,None,False
9511941,1.62,3.65,40.8348,999,999,999,999,-0.59,8.69,3,1.96,8.24,3,1.66,7.39,3,2.16,7.44,3,-0.87,7.37,5,999,999,0,UpArrow,None,True
9511941,1.62,4.34,41.8348,999,999,999,999,-0.64,8.14,3,1.82,7.83,3,1.54,7.06,1,2.04,7.14,3,-0.89,7.20,5,999,999,0,UpArrow,None,True
9511941,1.62,4.34,43.8348,999,999,999,999,-0.34,9.47,3,1.46,9.38,5,-0.74,7.56,3,1.64,7.41,3,-0.92,7.02,5,999,999,0,None,None,True
9511941,0.79,4.33,43.8348,999,999,999,999,0.65,9.27,3,-0.26,8.93,3,1.40,9.23,5,-0.86,6.98,3,1.44,6.99,1,-0.95,6.84,5,None,LeftArrow,False
9511942,-0.54,4.33,43.8348,999,999,999,999,0.51,8.73,3,-0.13,8.41,3,1.35,9.08,5,-0.96,6.39,3,1.26,6.57,1,-0.98,6.66,5,None,LeftArrow,False
9511942,-0.95,3.26,44.8348,999,999,999,999,0.42,8.21,3,0.00,7.93,3,1.31,8.93,5,-0.98,5.84,1,1.14,6.15,1,-0.99,6.49,5,DownArrow,LeftArrow,True
9511942,-0.54,2.11,45.8348,999,999,999,999,1.97,9.39,3,0.41,7.66,3,0.13,7.40,3,1.30,8.77,5,1.09,5.69,1,-0.96,6.31,5,DownArrow,RightArrow,True
9511942,-0.48,1.78,46.8348,999,999,999,999,1.96,9.05,3,0.47,7.11,3,0.21,6.87,3,1.30,8.60,5,1.11,5.23,1,-0.91,6.13,5,DownArrow,RightArrow,True
9511943,0.26,1.71,46.8348,999,999,999,999,1.91,8.73,3,0.58,6.60,3,0.20,6.37,3,1.32,8.45,5,1.19,4.81,1,-0.84,5.98,3,None,RightArrow,False
9511943,1.01,1.66,47.8348,999,999,999,999,1.81,8.40,3,0.72,6.06,3,0.11,5.84,3,1.34,8.29,5,1.30,4.36,1,-0.77,5.81,3,None,RightArrow,True
9511943,1.01,1.60,49.8348,999,999,999,999,1.88,9.24,5,1.68,8.08,3,0.83,5.51,3,-0.05,5.33,3,1.35,8.13,5,-0.70,5.64,3,None,None,True
9511943,0.09,2.12,50.8348,999,999,999,999,1.76,8.93,5,1.55,7.78,3,-0.23,4.85,3,1.35,7.98,5,-0.66,5.47,3,999,999,0,UpArrow,LeftArrow,True
9511944,-1.04,1.60,50.8348,999,999,999,999,1.63,8.61,5,1.42,7.46,3,-0.39,4.34,1,1.33,7.82,5,-0.64,5.29,3,999,999,0,DownArrow,LeftArrow,False
9511944,-1.10,1.24,52.8348,999,999,999,999,1.53,8.28,5,1.32,7.13,3,1.29,7.66,5,-0.66,5.11,2,999,999,0,999,999,0,DownArrow,LeftArrow,True
9511944,-1.10,1.24,53.8348,999,999,999,999,1.48,7.95,5,1.26,6.82,3,1.23,7.52,5,999,999,0,999,999,0,999,999,0,None,None,True
9511944,-0.29,1.88,53.8348,999,999,999,999,1.47,7.61,5,1.26,6.47,3,1.17,7.37,5,999,999,0,999,999,0,999,999,0,UpArrow,RightArrow,False
9511945,0.65,2.82,53.8348,999,999,999,999,1.50,7.26,5,1.30,6.13,3,1.11,7.21,5,999,999,0,999,999,0,999,999,0,UpArrow,RightArrow,False
9511945,1.23,3.22,54.8348,999,999,999,999,1.54,6.91,5,1.36,5.79,3,1.07,7.06,5,999,999,0,999,999,0,999,999,0,UpArrow,RightArrow,True
9511945,1.23,3.16,56.8348,999,999,999,999,1.58,6.59,5,1.05,6.90,5,999,999,0,999,999,0,999,999,0,999,999,0,None,None,True
9511946,1.23,3.11,57.8348,999,999,999,999,1.58,6.24,3,1.06,6.74,5,999,999,0,999,999,0,999,999,0,999,999,0,None,None,True
9511946,1.23,3.05,58.8348,999,999,999,999,1.52,5.90,1,1.08,6.58,5,999,999,0,999,999,0,999,999,0,999,999,0,None,None,True
9511946,1.23,2.99,60.8348,999,999,999,999,1.35,9.15,3,1.11,6.43,3,999,999,0,999,999,0,999,999,0,999,999,0,None,None,True
9511946,1.23,2.93,60.8348,999,999,999,999,1.22,8.73,3,1.14,6.27,1,999,999,0,999,999,0,999,999,0,999,999,0,None,None,False
9511947,1.23,2.85,60.8348,999,999,999,999,1.06,8.31,3,1.14,6.11,1,999,999,0,999,999,0,999,999,0,999,999,0,None,None,False
9511947,1.23,2.79,61.8348,999,999,999,999,0.93,7.92,3,1.12,5.96,1,999,999,0,999,999,0,999,999,0,999,999,0,None,None,True
9511947,1.23,2.74,62.8348,999,999,999,999,-0.13,9.31,3,0.82,7.49,3,999,999,0,999,999,0,999,999,0,999,999,0,None,None,True
9511947,1.23,3.84,62.8348,999,999,999,999,-1.63,9.49,5,2.39,9.35,3,-0.14,8.94,3,0.77,7.05,1,999,999,0,999,999,0,UpArrow,None,False
9511948,0.81,3.78,62.8348,0.1292342,8.91254,999,999,1.31,9.16,3,-1.59,9.30,5,2.34,8.90,3,-0.10,8.59,3,0.78,6.64,1,999,999,0,None,LeftArrow,False
9511948,0.81,3.75,64.83481,-0.03348219,8.129261,999,999,-2.29,9.43,3,1.34,8.70,3,-1.53,9.11,5,2.33,8.41,3,-0.02,8.23,3,999,999,0,None,None,True
9511948,0.26,4.16,64.83481,-0.1961986,7.345982,999,999,-2.17,9.15,3,1.40,8.24,2,-1.45,8.92,5,2.35,7.92,3,0.08,7.87,2,999,999,0,UpArrow,LeftArrow,False
9511948,-0.62,5.03,64.83481,-0.358915,6.562702,999,999,-2.05,8.87,3,1.45,7.79,2,-1.38,8.73,5,2.36,7.43,3,0.17,7.51,2,999,999,0,UpArrow,LeftArrow,False
9511949,-0.62,5.03,64.83481,-0.5114616,5.828378,999,999,-1.95,8.59,3,1.46,7.36,2,-1.33,8.55,5,2.33,6.98,3,0.22,7.16,2,999,999,0,None,None,False
9511949,-0.62,4.95,64.83481,999,999,999,999,-1.89,8.29,3,1.41,6.90,2,-1.30,8.35,5,2.23,6.50,3,0.23,6.79,2,999,999,0,DownArrow,None,False
9511949,-0.03,3.86,64.83481,999,999,999,999,-1.86,7.99,3,1.29,6.46,2,-1.29,8.15,5,2.05,6.05,3,0.18,6.42,2,999,999,0,DownArrow,RightArrow,False
9511949,0.85,2.92,64.83481,-0.4031833,9.051749,999,999,1.30,9.32,3,-1.87,7.70,3,1.13,6.07,2,-1.31,7.96,5,1.84,5.64,3,0.08,6.08,2,DownArrow,RightArrow,False
9511950,1.49,2.05,37.55219,-0.4736107,8.254859,999,999,1.19,9.00,3,-1.90,7.40,3,0.93,5.65,2,-1.34,7.76,5,1.59,5.22,3,-0.04,5.73,2,DownArrow,RightArrow,True
9511950,0.91,2.00,38.55219,-0.5440384,7.457969,999,999,1.08,8.68,3,-1.92,7.09,3,0.74,5.24,2,-1.36,7.55,5,1.34,4.80,1,-0.16,5.38,2,None,LeftArrow,True
9511950,0.25,1.95,40.55219,-0.6100646,6.710884,999,999,2.26,9.45,3,-0.66,9.34,5,0.99,8.37,3,-1.91,6.80,3,-1.37,7.36,5,-0.23,5.03,2,None,LeftArrow,True
9511950,-0.66,1.90,41.55219,-0.6804922,5.913994,999,999,2.17,9.37,3,2.10,9.05,3,-0.66,9.12,5,0.95,8.03,3,-1.86,6.50,3,-1.35,7.16,5,None,LeftArrow,True
9511951,-0.66,1.84,43.55219,-0.7509193,5.117104,999,999,2.14,9.02,3,1.93,8.65,3,-0.63,8.90,5,0.95,7.69,3,-1.77,6.21,3,-1.30,6.97,5,None,None,True
9511951,-0.66,2.76,43.55219,-0.8213464,4.320213,999,999,2.14,8.67,3,1.76,8.25,3,-0.57,8.69,2,0.99,7.35,3,-1.64,5.93,3,-1.23,6.78,4,UpArrow,None,False
9511951,-1.22,3.40,43.55219,999,999,999,999,2.16,8.34,3,1.64,7.86,3,-0.51,8.50,1,1.05,7.04,3,-1.50,5.68,3,-1.15,6.60,3,UpArrow,LeftArrow,False
9511952,-1.30,2.66,43.55219,999,999,999,999,2.17,7.99,3,1.56,7.43,3,-0.45,8.29,1,1.11,6.70,3,-1.35,5.41,3,-1.07,6.42,3,DownArrow,LeftArrow,False
9511952,-1.04,2.43,25.55219,999,999,999,999,2.16,7.64,3,1.54,7.00,3,-0.41,8.07,1,1.13,6.37,3,-1.23,5.13,1,-1.01,6.23,3,DownArrow,RightArrow,True
9511952,-1.04,2.38,26.55219,999,999,999,999,-0.91,9.38,5,2.10,7.32,3,1.57,6.59,3,-0.39,7.87,1,1.11,6.05,3,-0.97,6.04,3,None,None,True
9511952,-1.04,2.33,28.55219,999,999,999,999,-0.91,9.09,5,1.99,6.99,3,1.63,6.16,3,-0.40,7.65,1,1.02,5.72,3,-0.97,5.84,1,None,None,True
9511953,0.29,2.27,29.55219,999,999,999,999,-1.89,9.33,5,-0.94,8.81,5,1.85,6.67,3,1.68,5.73,3,-0.44,7.44,1,0.90,5.40,3,None,RightArrow,True
9511953,1.28,2.19,30.55219,999,999,999,999,1.14,9.25,3,-1.90,9.13,5,-0.99,8.54,4,1.69,6.38,3,1.68,5.33,3,0.76,5.12,2,None,RightArrow,True
9511953,1.28,2.15,31.55219,999,999,999,999,1.04,8.95,3,-1.92,8.92,5,-1.03,8.26,3,1.53,6.06,3,1.60,4.90,2,0.61,4.81,1,None,None,True
9511953,0.62,2.10,33.55219,999,999,999,999,0.32,9.38,5,-0.73,9.17,3,0.96,8.64,3,-1.91,8.71,5,-1.05,7.98,3,1.40,5.74,1,None,LeftArrow,True
9511954,1.44,2.54,34.55219,999,999,999,999,0.30,9.17,5,-0.78,8.79,3,0.91,8.34,3,-1.89,8.51,5,-1.04,7.71,3,999,999,0,UpArrow,RightArrow,True
9511954,0.77,2.74,35.55219,999,999,999,999,0.31,8.94,5,-0.86,8.38,3,0.91,8.03,1,-1.84,8.30,5,-0.98,7.43,3,999,999,0,UpArrow,LeftArrow,True
9511954,0.77,4.00,35.55219,999,999,999,999,0.35,8.72,5,-0.92,7.98,3,-1.76,8.10,5,-0.90,7.16,3,999,999,0,999,999,0,UpArrow,None,False
9511954,-0.20,4.14,36.55219,999,999,999,999,0.39,8.51,5,-0.95,7.60,3,-1.68,7.92,5,-0.80,6.91,3,999,999,0,999,999,0,UpArrow,LeftArrow,True
9511955,-0.20,4.14,37.55219,999,999,999,999,0.44,8.31,5,-0.93,7.21,3,-1.60,7.74,5,-0.70,6.66,1,999,999,0,999,999,0,None,None,True
9511955,-1.19,4.54,39.55219,999,999,999,999,0.47,8.09,5,-1.53,7.54,5,999,999,0,999,999,0,999,999,0,999,999,0,UpArrow,LeftArrow,True
9511955,-1.27,4.54,40.55219,999,999,999,999,-2.21,9.22,5,0.47,7.86,5,-1.48,7.33,3,999,999,0,999,999,0,999,999,0,None,LeftArrow,True
9511955,-1.02,4.54,41.55219,999,999,999,999,-2.08,8.93,5,0.44,7.64,5,-1.47,7.12,1,999,999,0,999,999,0,999,999,0,None,RightArrow,True
9511956,-0.11,3.72,41.55219,999,999,999,999,-1.96,8.66,5,0.39,7.43,5,999,999,0,999,999,0,999,999,0,999,999,0,DownArrow,RightArrow,False
9511956,0.23,3.52,42.55219,999,999,999,999,-1.86,8.36,5,0.32,7.22,5,999,999,0,999,999,0,999,999,0,999,999,0,DownArrow,RightArrow,True
9511956,-0.19,3.46,44.55219,999,999,999,999,-1.79,8.04,5,0.25,7.01,1,999,999,0,999,999,0,999,999,0,999,999,0,None,LeftArrow,True
9511956,-1.24,3.87,44.55219,999,999,999,999,1.85,9.44,3,-1.77,7.75,5,999,999,0,999,999,0,999,999,0,999,999,0,UpArrow,LeftArrow,False
9511957,-1.79,3.86,45.55219,999,999,999,999,1.77,9.09,3,-1.78,7.43,5,999,999,0,999,999,0,999,999,0,999,999,0,UpArrow,LeftArrow,True
9511957,-1.79,3.80,47.55219,999,999,999,999,1.74,8.74,3,-1.81,7.11,1,999,999,0,999,999,0,999,999,0,999,999,0,None,None,True
9511957,-1.16,4.23,47.55219,999,999,999,999,1.85,9.46,3,1.75,8.40,3,999,999,0,999,999,0,999,999,0,999,999,0,UpArrow,RightArrow,False
9511957,-0.20,5.19,47.55219,999,999,999,999,1.48,9.09,3,1.88,9.13,3,1.78,8.05,3,999,999,0,999,999,0,999,999,0,UpArrow,RightArrow,False
9511958,0.73,6.12,47.55219,999,999,999,999,1.53,8.55,3,1.90,8.80,3,1.81,7.69,3,999,999,0,999,999,0,999,999,0,UpArrow,RightArrow,False
9511958,1.22,6.19,48.55219,999,999,999,999,1.55,8.04,3,1.90,8.49,3,1.81,7.36,1,999,999,0,999,999,0,999,999,0,DownArrow,RightArrow,True
9511958,1.22,4.87,49.55219,999,999,999,999,-2.33,9.41,3,1.51,7.50,3,1.87,8.16,3,999,999,0,999,999,0,999,999,0,DownArrow,None,True
9511959,1.22,3.54,51.55219,999,999,999,999,-2.29,9.10,3,1.39,6.97,1,1.78,7.84,3,999,999,0,999,999,0,999,999,0,DownArrow,None,True
9511959,1.22,3.18,52.55219,999,999,999,999,1.88,9.42,5,-2.28,8.81,3,1.68,7.55,3,999,999,0,999,999,0,999,999,0,DownArrow,None,True
9511959,1.22,3.09,54.55219,999,999,999,999,1.82,9.27,5,-2.29,8.50,3,999,999,0,999,999,0,999,999,0,999,999,0,None,None,True
9511959,0.91,3.10,55.55219,999,999,999,999,2.08,9.04,3,1.76,9.13,5,-2.30,8.19,3,999,999,0,999,999,0,999,999,0,UpArrow,LeftArrow,True
9511100,0.03,3.91,55.55219,999,999,999,999,1.91,8.58,1,1.72,8.99,3,-2.29,7.90,3,999,999,0,999,999,0,999,999,0,UpArrow,LeftArrow,False
9511100,-0.93,4.78,55.55219,999,999,999,999,1.78,8.06,1,1.68,8.83,3,-2.25,7.60,3,999,999,0,999,999,0,999,999,0,UpArrow,LeftArrow,False
9511100,-1.76,4.78,56.55219,999,999,999,999,1.72,7.54,1,1.67,8.68,3,-2.16,7.30,3,999,999,0,999,999,0,999,999,0,None,LeftArrow,True
9511100,-1.76,3.79,58.55219,999,999,999,999,1.73,7.04,1,1.67,8.53,3,999,999,0,999,999,0,999,999,0,999,999,0,DownArrow,None,True
9511101,-1.12,2.73,58.55219,999,999,999,999,1.78,6.51,1,1.68,8.38,3,999,999,0,999,999,0,999,999,0,999,999,0,DownArrow,RightArrow,False
9511101,-0.03,2.14,58.55219,999,999,999,999,1.84,5.99,1,1.70,8.22,3,999,999,0,999,999,0,999,999,0,999,999,0,DownArrow,RightArrow,False
9511101,1.29,2.14,58.55219,999,999,999,999,1.85,5.46,1,1.70,8.06,3,999,999,0,999,999,0,999,999,0,999,999,0,None,RightArrow,False
9511101,1.70,2.11,59.55219,2.4559,9.454656,999,999,-0.04,9.47,3,0.36,9.45,5,1.78,4.97,1,1.69,7.92,3,999,999,0,999,999,0,None,RightArrow,True
9511102,1.70,2.07,61.55219,2.118814,8.729146,999,999,-1.80,9.23,3,2.50,9.20,3,-0.06,8.99,3,0.35,9.28,5,1.66,7.76,3,999,999,0,None,None,True
9511102,1.70,3.14,62.55219,1.781727,8.003636,999,999,-1.81,8.75,3,2.51,8.84,3,-0.14,8.52,3,0.32,9.11,5,1.60,7.62,1,999,999,0,UpArrow,None,True
9511102,1.70,4.35,63.55219,1.465709,7.323464,999,999,0.44,9.15,3,-1.84,8.30,3,2.49,8.50,2,-0.24,8.09,3,0.28,8.96,5,999,999,0,UpArrow,None,True
9511102,1.45,5.52,64.55219,1.128621,6.597947,999,999,0.45,8.71,3,-1.88,7.82,3,-0.35,7.62,3,0.23,8.80,5,999,999,0,999,999,0,UpArrow,LeftArrow,True
9511103,0.62,5.52,64.55219,999,999,999,999,-0.31,8.97,3,0.40,8.28,3,-1.89,7.34,3,-0.44,7.15,3,0.20,8.63,5,999,999,0,None,LeftArrow,False
9511103,0.33,4.49,64.55219,999,999,999,999,-0.39,8.45,3,0.30,7.88,3,-1.84,6.89,3,-0.46,6.71,3,0.18,8.48,5,999,999,0,DownArrow,LeftArrow,False
9511103,-0.49,3.49,64.55219,999,999,999,999,-0.51,7.90,3,0.18,7.47,3,-1.72,6.42,3,-0.41,6.23,3,0.19,8.31,5,999,999,0,DownArrow,LeftArrow,False
9511103,-0.49,2.14,46.55219,999,999,999,999,-0.63,7.34,3,0.05,7.05,3,-1.53,5.98,3,-0.28,5.77,1,0.21,8.14,5,999,999,0,DownArrow,None,True
9511104,-0.49,1.12,48.55219,999,999,999,999,1.86,9.35,5,-0.70,6.78,3,-0.04,6.62,3,-1.31,5.55,3,0.25,7.98,5,999,999,0,DownArrow,None,True
9511104,-0.83,1.03,49.55219,999,999,999,999,1.80,9.06,5,-0.70,6.25,2,-0.07,6.21,2,-1.10,5.15,1,0.29,7.83,5,999,999,0,None,LeftArrow,True
9511104,-0.58,0.99,51.55219,999,999,999,999,-1.74,9.45,3,-0.75,9.15,3,1.77,8.75,5,0.32,7.66,5,999,999,0,999,999,0,None,RightArrow,True
9511105,0.35,1.54,52.55219,999,999,999,999,-1.86,9.04,3,-1.65,9.08,3,-0.63,8.65,3,1.78,8.44,5,0.33,7.49,5,999,999,0,UpArrow,RightArrow,True
9511105,0.35,1.97,54.55219,999,999,999,999,2.33,9.38,3,-1.80,8.53,3,-1.61,8.71,3,1.80,8.15,5,0.32,7.34,5,999,999,0,UpArrow,None,True
9511105,1.17,2.91,54.55219,999,999,999,999,2.35,8.91,3,-1.80,7.98,3,-1.62,8.33,3,1.83,7.84,5,0.28,7.17,1,999,999,0,UpArrow,RightArrow,False
9511105,1.76,3.50,55.55219,999,999,999,999,-0.06,9.27,2,2.33,8.43,3,-1.84,7.44,3,-1.65,7.94,3,1.83,7.52,5,999,999,0,UpArrow,RightArrow,True
9511106,1.76,3.45,56.55219,999,999,999,999,-0.04,8.97,2,2.26,8.00,3,-1.89,6.93,3,-1.69,7.58,3,1.80,7.23,3,999,999,0,None,None,True
9511106,1.76,2.56,58.55219,999,999,999,999,-0.06,8.66,2,2.13,7.54,3,-1.90,6.39,3,-1.71,7.19,3,1.72,6.93,1,999,999,0,DownArrow,None,True
9511106,1.35,1.34,58.55219,999,999,999,999,-2.10,9.24,5,-0.11,8.35,2,1.94,7.11,3,-1.85,5.84,3,-1.68,6.81,3,999,999,0,DownArrow,LeftArrow,False
9511106,0.37,0.62,58.55219,999,999,999,999,-2.11,8.95,5,-0.18,8.06,2,1.74,6.71,1,-1.70,5.35,3,-1.60,6.45,3,999,999,0,DownArrow,LeftArrow,False
9511107,-0.95,0.55,58.55219,999,999,999,999,-2.13,8.65,5,-0.26,7.76,2,1.53,6.29,1,-1.48,4.86,3,-1.46,6.09,3,999,999,0,None,LeftArrow,False
9511107,-1.29,1.24,59.55219,999,999,999,999,-2.12,8.37,5,-0.31,7.46,2,1.35,5.88,1,-1.22,4.42,3,-1.29,5.77,3,999,999,0,UpArrow,LeftArrow,True
9511107,-1.04,1.20,61.55219,999,999,999,999,0.82,9.46,3,-2.08,8.07,5,-0.33,7.15,2,1.23,5.42,1,-1.12,5.42,3,999,999,0,None,RightArrow,True
9511107,-0.46,1.14,62.55219,999,999,999,999,-2.39,9.41,3,0.86,9.16,3,-2.01,7.79,5,-0.30,6.86,2,1.19,4.98,1,-0.97,5.09,1,None,RightArrow,True
9511108,0.62,1.09,64.55219,999,999,999,999,2.36,9.27,3,-2.21,8.94,3,0.86,8.83,3,-1.90,7.51,5,-0.22,6.55,2,1.24,4.51,1,None,RightArrow,True
9511108,1.44,1.04,65.55219,999,999,999,999,-1.87,9.47,5,-0.95,9.42,5,2.26,8.86,3,-2.01,8.48,3,0.83,8.51,3,-1.77,7.24,5,None,RightArrow,True
9511108,1.08,1.09,66.55219,999,999,999,999,-1.82,9.36,5,-0.90,9.25,5,2.12,8.47,3,-1.80,8.02,3,0.75,8.20,2,-1.64,6.97,5,UpArrow,LeftArrow,True
9511108,0.49,2.01,66.55219,999,999,999,999,-1.78,9.25,5,-0.85,9.08,5,1.96,8.12,1,-1.63,7.58,3,0.66,7.91,1,-1.53,6.70,5,UpArrow,LeftArrow,False
9511109,0.14,3.11,66.55219,999,999,999,999,-0.72,9.18,3,1.41,9.37,5,-1.76,9.13,5,-0.83,8.90,5,-1.51,7.09,3,-1.45,6.41,5,UpArrow,LeftArrow,False
9511109,-0.80,3.97,66.55219,999,999,999,999,-0.78,8.67,3,1.39,9.22,5,-1.74,9.01,5,-0.82,8.71,5,-1.46,6.59,3,-1.42,6.11,5,UpArrow,LeftArrow,False
9511109,-1.13,3.83,68.3906,999,999,999,999,-0.80,8.19,3,1.35,9.08,5,-1.74,8.90,5,-0.84,8.54,5,-1.48,6.12,3,-1.43,5.83,3,DownArrow,LeftArrow,True
9511109,-1.13,2.45,69.3906,999,999,999,999,-0.75,7.68,3,1.30,8.93,5,-1.75,8.78,5,-0.87,8.35,5,-1.55,5.62,3,-1.48,5.53,1,DownArrow,None,True
95111010,-1.13,1.07,70.3906,999,999,999,999,-0.62,7.18,3,1.24,8.79,5,-1.76,8.66,5,-0.90,8.17,5,-1.62,5.12,1,999,999,0,DownArrow,None,True
95111010,-1.71,0.94,72.3906,999,999,999,999,-0.47,6.72,3,1.20,8.65,5,-1.77,8.55,5,-0.92,8.00,5,999,999,0,999,999,0,DownArrow,LeftArrow,True
95111010,-1.07,1.33,72.3906,999,999,999,999,-0.29,6.24,2,1.17,8.50,5,-1.76,8.42,5,-0.92,7.81,4,999,999,0,999,999,0,UpArrow,RightArrow,False
95111010,-0.72,1.96,73.3906,999,999,999,999,-0.14,5.74,2,1.16,8.35,5,-1.73,8.31,4,-0.89,7.63,3,999,999,0,999,999,0,UpArrow,RightArrow,True
95111011,-0.72,1.90,74.3906,999,999,999,999,-0.05,5.24,1,1.17,8.20,5,-1.69,8.19,4,-0.84,7.45,3,999,999,0,999,999,0,None,None,True
95111011,-0.72,1.86,76.3906,999,999,999,999,1.19,8.05,5,-1.65,8.09,4,-0.79,7.29,1,999,999,0,999,999,0,999,999,0,None,None,True
95111011,-0.72,1.80,77.3906,999,999,999,999,-0.67,9.25,3,1.21,7.90,5,-1.60,7.98,4,999,999,0,999,999,0,999,999,0,None,None,True
95111012,-0.90,1.98,77.3906,999,999,999,999,-2.23,9.32,3,-1.11,9.28,3,-2.37,9.25,3,-0.56,8.79,2,1.23,7.75,5,-1.56,7.86,3,UpArrow,LeftArrow,False
95111012,-1.19,2.30,78.3906,999,999,999,999,-2.25,8.77,3,-1.04,8.92,3,-2.28,8.95,3,-0.49,8.36,1,1.22,7.61,5,-1.53,7.75,2,UpArrow,LeftArrow,True
95111012,-0.36,2.25,79.3906,999,999,999,999,-2.48,9.42,3,-2.26,8.19,3,-1.02,8.52,3,-2.22,8.63,3,-0.49,7.89,1,1.20,7.46,5,None,RightArrow,True
95111012,0.67,1.49,79.3906,999,999,999,999,-1.04,9.41,5,-2.44,9.02,3,-2.20,7.61,3,-1.05,8.12,2,-2.21,8.29,3,1.15,7.31,5,DownArrow,RightArrow,False
95111013,1.25,1.68,81.3906,999,999,999,999,-1.06,9.21,5,-2.35,8.66,3,-2.07,7.08,3,-1.10,7.75,2,-2.22,7.98,3,1.10,7.18,5,UpArrow,RightArrow,True
95111013,0.64,1.92,82.3906,999,999,999,999,-1.10,8.99,5,-2.22,8.28,3,-1.85,6.54,3,-1.17,7.36,2,-2.24,7.65,3,1.04,7.03,3,UpArrow,LeftArrow,True
95111013,-0.03,1.87,83.3906,999,999,999,999,-1.64,9.44,3,-1.12,8.78,5,-2.05,7.91,3,-1.59,6.02,3,-1.21,6.96,2,-2.23,7.32,3,None,LeftArrow,True
95111013,-0.43,2.47,84.3906,999,999,999,999,-1.61,9.00,3,-1.11,8.57,5,-1.88,7.57,3,-1.33,5.54,3,-1.20,6.59,2,-2.19,7.01,3,UpArrow,LeftArrow,True
95111014,-1.15,1.75,85.3906,999,999,999,999,-1.53,8.53,3,-1.08,8.36,5,-1.72,7.21,3,-1.07,5.02,2,-1.13,6.20,2,-2.10,6.70,3,DownArrow,LeftArrow,True
95111014,-1.57,1.31,86.3906,999,999,999,999,-1.39,8.08,3,-1.03,8.15,5,-1.60,6.82,3,-1.00,5.82,2,-1.97,6.39,3,999,999,0,DownArrow,LeftArrow,True
95111014,-1.65,2.35,88.3906,999,999,999,999,1.51,9.21,3,-1.22,7.63,3,-0.96,7.95,5,-1.53,6.43,3,-1.81,6.10,3,999,999,0,UpArrow,LeftArrow,True
95111014,-1.47,2.42,89.3906,999,999,999,999,-0.77,9.44,3,1.56,8.67,3,-1.05,7.22,3,-0.89,7.76,5,-1.53,6.05,3,999,999,0,UpArrow,RightArrow,True
95111015,-1.22,2.39,91.3906,999,999,999,999,-0.69,9.14,3,1.60,8.10,3,-0.89,6.77,3,-0.82,7.55,5,999,999,0,999,999,0,None,RightArrow,True
95111015,-0.72,3.01,92.3906,999,999,999,999,-0.73,9.12,3,-0.64,8.82,3,1.57,7.52,3,-0.79,6.31,1,-0.78,7.34,5,999,999,0,UpArrow,RightArrow,True
95111015,-0.72,2.96,93.3906,2.00842,9.200354,999,999,1.14,9.32,3,-0.71,8.75,3,-0.63,8.53,3,1.46,6.99,3,-0.77,7.14,5,999,999,0,None,None,True
95111015,-0.72,2.91,95.3906,2.047146,8.401297,999,999,1.04,8.84,3,-0.75,8.34,3,-0.66,8.21,3,1.27,6.44,3,-0.79,6.92,3,999,999,0,None,None,True
95111016,-0.72,2.44,96.3906,2.085873,7.602236,999,999,0.99,8.35,3,-0.82,7.94,3,-0.72,7.90,3,1.03,5.91,3,999,999,0,999,999,0,DownArrow,None,True
95111016,0.09,1.45,96.3906,2.12218,6.853113,999,999,1.01,7.88,3,-0.89,7.57,1,-0.78,7.61,1,0.80,5.43,3,999,999,0,999,999,0,DownArrow,RightArrow,False
95111016,0.64,1.10,97.3906,2.160906,6.054048,999,999,1.08,7.39,3,-0.95,7.17,1,-0.83,7.30,1,0.58,4.89,3,999,999,0,999,999,0,DownArrow,RightArrow,True
95111016,0.39,1.05,99.3906,2.199633,5.254983,999,999,1.17,6.90,3,-0.96,6.76,1,-0.84,6.98,1,999,999,0,999,999,0,999,999,0,None,RightArrow,True
95111017,1.36,1.62,99.3906,2.23594,4.50586,999,999,1.23,6.44,3,-0.90,6.39,1,-0.80,6.69,1,999,999,0,999,999,0,999,999,0,UpArrow,RightArrow,False
95111017,1.95,2.15,100.3906,2.274666,3.706797,999,999,1.24,5.95,3,-0.79,6.00,1,-0.72,6.39,1,999,999,0,999,999,0,999,999,0,UpArrow,RightArrow,True
95111017,1.95,2.09,101.3906,2.313393,2.907736,999,999,1.17,5.46,2,-0.63,5.62,1,-0.61,6.09,1,999,999,0,999,999,0,999,999,0,None,None,True
95111018,1.40,1.54,101.3906,999,999,999,999,1.01,4.99,1,-0.47,5.25,1,-0.49,5.80,1,999,999,0,999,999,0,999,999,0,DownArrow,LeftArrow,False
95111018,0.16,1.46,101.3906,999,999,999,999,0.80,4.58,1,-0.34,4.90,1,-0.39,5.52,1,999,999,0,999,999,0,999,999,0,None,LeftArrow,False
95111018,-0.26,1.40,83.3906,999,999,999,999,-0.25,4.50,1,-0.32,5.21,1,999,999,0,999,999,0,999,999,0,999,999,0,None,LeftArrow,True
95111018,-0.26,1.36,84.3906,999,999,999,999,0.80,9.46,5,-1.54,9.28,3,0.52,9.16,3,999,999,0,999,999,0,999,999,0,None,None,True
95111019,-0.26,1.30,85.3906,999,999,999,999,0.74,9.19,5,-1.54,8.98,3,0.46,8.81,3,999,999,0,999,999,0,999,999,0,None,None,True
95111019,-0.26,2.15,86.3906,999,999,999,999,0.66,8.90,5,-1.57,8.66,3,0.44,8.43,2,999,999,0,999,999,0,999,999,0,UpArrow,None,True
95111019,0.33,3.15,86.3906,999,999,999,999,1.36,9.37,3,0.57,8.61,5,-1.60,8.34,3,999,999,0,999,999,0,999,999,0,UpArrow,RightArrow,False
95111019,0.62,3.38,87.3906,999,999,999,999,1.40,8.89,3,0.49,8.34,5,-1.62,8.04,3,999,999,0,999,999,0,999,999,0,UpArrow,RightArrow,True
95111020,0.21,3.33,89.3906,999,999,999,999,-1.06,9.11,3,0.08,9.27,5,1.47,8.38,3,0.44,8.04,3,-1.61,7.72,3,999,999,0,None,LeftArrow,True
95111020,-1.12,3.26,89.3906,999,999,999,999,-0.88,8.55,3,0.13,9.02,5,1.52,7.87,2,-1.55,7.41,3,999,999,0,999,999,0,None,LeftArrow,False
95111020,-1.67,3.08,90.3906,999,999,999,999,-1.29,9.22,5,-0.75,7.97,3,0.16,8.76,5,1.51,7.36,2,-1.46,7.10,3,999,999,0,DownArrow,RightArrow,True
95111020,-0.79,2.12,90.3906,999,999,999,999,-1.20,8.94,5,-0.70,7.41,3,0.16,8.52,5,1.44,6.88,2,-1.34,6.83,1,999,999,0,DownArrow,RightArrow,False
95111021,0.06,1.29,91.3906,999,999,999,999,-1.09,8.65,5,-0.74,6.82,3,0.13,8.27,5,1.29,6.39,2,-1.20,6.54,1,999,999,0,DownArrow,RightArrow,True
95111021,-0.52,1.23,92.3906,999,999,999,999,-1.00,8.36,5,-0.85,6.23,3,0.07,8.02,5,1.09,5.92,2,-1.08,6.24,1,999,999,0,None,LeftArrow,True
95111021,-0.52,1.18,93.3906,999,999,999,999,-0.93,8.08,5,-0.97,5.69,1,0.00,7.79,4,0.88,5.49,2,-1.00,5.95,1,999,999,0,None,None,True
95111021,-1.16,1.18,94.3906,999,999,999,999,1.15,9.32,5,-0.91,7.77,5,-0.06,7.54,3,0.67,5.02,2,-0.96,5.64,1,999,999,0,UpArrow,LeftArrow,True
95111022,-0.88,1.39,95.3906,999,999,999,999,1.07,8.96,5,-0.93,7.46,5,-0.10,7.28,3,0.52,4.53,2,999,999,0,999,999,0,UpArrow,RightArrow,True
95111022,-0.01,0.44,95.3906,999,999,999,999,0.96,8.63,5,-0.97,7.17,3,-0.10,7.04,3,0.46,4.05,2,999,999,0,999,999,0,DownArrow,RightArrow,False
95111022,0.17,0.07,96.3906,999,999,999,999,0.84,8.28,5,-1.03,6.87,3,-0.07,6.79,3,0.53,3.54,2,999,999,0,999,999,0,DownArrow,RightArrow,True
95111022,0.17,0.36,98.3906,999,999,999,999,0.73,7.92,5,-1.08,6.56,3,0.00,6.54,3,999,999,0,999,999,0,999,999,0,UpArrow,None,True
95111023,-0.53,1.23,98.3906,999,999,999,999,0.66,7.58,5,-1.09,6.27,3,0.07,6.31,1,999,999,0,999,999,0,999,999,0,UpArrow,LeftArrow,False
95111023,-1.00,1.64,99.3906,999,999,999,999,0.63,7.24,5,-1.05,5.99,3,999,999,0,999,999,0,999,999,0,999,999,0,UpArrow,LeftArrow,True
95111023,-0.84,1.59,101.3906,999,999,999,999,0.66,6.87,5,-0.96,5.69,1,999,999,0,999,999,0,999,999,0,999,999,0,None,RightArrow,True
95111024,0.29,1.99,101.3906,999,999,999,999,1.37,9.27,3,-0.64,9.11,3,0.74,6.51,5,999,999,0,999,999,0,999,999,0,UpArrow,RightArrow,False
95111024,0.82,2.51,102.3906,999,999,999,999,1.28,8.90,3,-0.51,8.69,1,0.82,6.17,5,999,999,0,999,999,0,999,999,0,UpArrow,RightArrow,True
95111024,0.82,2.47,103.3906,999,999,999,999,1.16,8.51,3,-0.39,8.25,1,0.89,5.81,3,999,999,0,999,999,0,999,999,0,None,None,True
95111024,1.29,2.97,104.3906,-2.013821,9.400032,999,999,1.76,9.47,5,1.02,8.13,3,-0.31,7.79,1,999,999,0,999,999,0,999,999,0,UpArrow,RightArrow,True
95111025,0.93,3.53,104.3906,-1.995081,8.650272,999,999,1.72,9.21,5,0.89,7.77,3,-0.29,7.35,1,999,999,0,999,999,0,999,999,0,UpArrow,LeftArrow,False
95111025,0.43,3.48,105.3906,-1.975092,7.850527,999,999,1.65,8.94,5,0.79,7.38,3,-0.35,6.89,1,999,999,0,999,999,0,999,999,0,None,LeftArrow,True
95111025,0.43,3.43,107.3906,-1.955103,7.050776,999,999,-2.01,9.23,5,1.55,8.67,5,999,999,0,999,999,0,999,999,0,999,999,0,None,None,True
95111025,0.73,3.92,108.3906,-1.936364,6.301009,999,999,-1.89,9.20,3,-1.92,8.91,5,1.45,8.43,5,999,999,0,999,999,0,999,999,0,UpArrow,RightArrow,True
95111026,-0.50,4.15,108.3906,-1.916375,5.501258,999,999,1.63,9.43,5,1.51,9.23,3,-1.39,9.19,3,-1.77,8.87,3,-1.80,8.58,5,1.36,8.17,4,UpArrow,LeftArrow,False
95111026,-1.83,4.15,108.3906,-1.896386,4.701507,999,999,1.57,9.20,5,1.38,8.75,3,-1.25,8.81,3,-1.63,8.55,3,-1.66,8.25,5,1.28,7.90,4,None,LeftArrow,False
95111026,-1.67,4.56,108.3906,999,999,999,999,1.53,8.97,5,1.32,8.26,3,-1.12,8.43,3,-1.50,8.22,3,-1.52,7.91,5,1.24,7.62,4,UpArrow,RightArrow,False
95111026,-0.71,3.84,108.3906,999,999,999,999,1.53,8.75,5,1.32,7.80,3,-1.02,8.07,3,-1.41,7.91,3,-1.42,7.59,5,1.25,7.36,4,DownArrow,RightArrow,False
95111027,-0.74,3.50,88.56773,999,999,999,999,1.55,8.52,5,1.37,7.30,3,-0.97,7.67,3,-1.34,7.56,3,-1.35,7.24,4,1.28,7.08,4,DownArrow,LeftArrow,True
95111027,-1.24,3.45,90.56773,999,999,999,999,1.57,8.29,5,1.44,6.81,3,-0.97,7.27,1,-1.33,7.21,3,-1.34,6.88,2,1.32,6.81,4,None,LeftArrow,True
95111027,-1.18,3.25,91.56773,999,999,999,999,1.77,9.32,3,0.06,9.41,5,1.59,8.07,5,1.50,6.34,3,-1.36,6.89,2,1.36,6.55,4,DownArrow,RightArrow,True
95111027,-0.24,2.24,91.56773,999,999,999,999,0.00,9.37,5,1.76,8.72,3,0.03,9.30,5,1.59,7.84,5,1.50,5.85,3,1.36,6.27,4,DownArrow,RightArrow,False
95111028,0.72,1.29,91.56773,999,999,999,999,-0.04,9.17,5,1.67,8.14,3,0.01,9.19,5,1.56,7.61,5,1.41,5.36,3,1.32,5.99,4,DownArrow,RightArrow,False
95111028,0.80,1.23,92.56773,999,999,999,999,-0.07,8.98,5,1.52,7.61,3,-0.01,9.08,5,1.50,7.39,5,1.25,4.92,3,1.24,5.74,4,None,RightArrow,True
95111028,0.80,1.18,94.56773,999,999,999,999,-0.08,8.78,5,1.30,7.06,3,-0.01,8.97,5,1.41,7.18,5,1.12,5.49,4,999,999,0,None,None,True
95111028,0.80,1.12,95.56773,999,999,999,999,-0.06,8.58,5,1.06,6.52,3,0.00,8.86,5,1.31,6.96,5,1.00,5.24,2,999,999,0,None,None,True
95111029,0.92,1.42,96.56773,999,999,999,999,-0.02,8.40,5,0.84,6.00,3,0.02,8.75,5,1.23,6.76,5,999,999,0,999,999,0,UpArrow,RightArrow,True
95111029,1.10,2.51,96.56773,999,999,999,999,0.03,8.21,5,0.67,5.44,1,0.04,8.64,5,1.15,6.54,5,999,999,0,999,999,0,UpArrow,RightArrow,False
95111029,1.10,2.45,97.56773,999,999,999,999,0.08,8.01,5,0.61,4.85,1,0.07,8.53,5,1.12,6.31,5,999,999,0,999,999,0,None,None,True
95111029,1.10,2.41,99.56773,999,999,999,999,0.69,9.35,5,0.11,7.81,5,0.09,8.42,5,1.12,6.08,5,999,999,0,999,999,0,None,None,True
95111030,1.10,2.35,100.5677,999,999,999,999,0.74,9.03,5,0.12,7.62,5,0.09,8.31,5,1.15,5.86,1,999,999,0,999,999,0,None,None,True
95111030,0.07,2.80,100.5677,999,999,999,999,-0.27,9.30,3,0.80,8.70,5,0.10,7.43,5,0.08,8.20,5,999,999,0,999,999,0,UpArrow,LeftArrow,False
95111030,-0.23,2.78,100.5677,999,999,999,999,-0.33,8.97,3,0.85,8.36,5,0.05,7.23,5,0.06,8.09,5,999,999,0,999,999,0,UpArrow,LeftArrow,False
95111031,-0.23,2.74,102.5677,999,999,999,999,-0.39,8.67,3,0.87,8.04,5,0.00,7.05,5,0.03,7.98,5,999,999,0,999,999,0,None,None,True
95111031,-0.23,2.68,103.5677,999,999,999,999,-0.46,8.35,3,0.85,7.70,5,-0.06,6.86,1,0.00,7.87,5,999,999,0,999,999,0,None,None,True
95111031,-0.23,2.63,105.5677,999,999,999,999,-1.87,9.24,3,-0.50,8.03,3,0.78,7.36,5,-0.02,7.76,5,999,999,0,999,999,0,None,None,True
95111031,-0.23,2.57,106.5677,999,999,999,999,-1.82,8.86,3,-0.50,7.72,1,0.69,7.06,4,-0.03,7.65,1,999,999,0,999,999,0,None,None,True
95111032,-0.23,2.52,108.5677,999,999,999,999,-1.72,8.45,3,0.57,6.74,3,-0.02,7.54,1,999,999,0,999,999,0,999,999,0,None,None,True
95111032,-0.23,2.47,109.5677,999,999,999,999,-1.58,8.07,3,0.45,6.42,1,999,999,0,999,999,0,999,999,0,999,999,0,None,None,True
95111032,-0.23,2.39,109.5677,999,999,999,999,0.83,9.35,3,-1.42,7.68,3,999,999,0,999,999,0,999,999,0,999,999,0,None,None,False
95111032,-0.23,2.32,109.5677,999,999,999,999,0.89,8.98,3,-1.27,7.33,3,999,999,0,999,999,0,999,999,0,999,999,0,None,None,False
95111033,-0.23,2.24,109.5677,999,999,999,999,0.93,8.58,3,-1.14,6.93,3,999,999,0,999,999,0,999,999,0,999,999,0,None,None,False
95111033,-0.23,2.16,109.5677,999,999,999,999,0.92,8.18,3,-1.06,6.53,3,999,999,0,999,999,0,999,999,0,999,999,0,None,None,False
95111033,-0.23,2.08,109.5677,999,999,999,999,0.85,7.80,3,-1.05,6.14,3,999,999,0,999,999,0,999,999,0,999,999,0,None,None,False
95111033,-0.23,2.01,109.5677,999,999,999,999,2.04,9.50,3,0.74,7.42,3,-1.10,5.73,3,999,999,0,999,999,0,999,999,0,None,None,False
95111034,-0.47,1.53,109.5677,999,999,999,999,2.02,8.96,3,0.60,7.04,3,-1.18,5.32,3,999,999,0,999,999,0,999,999,0,DownArrow,LeftArrow,False
95111034,-1.35,0.57,109.5677,999,999,999,999,1.95,8.45,3,0.47,6.69,3,-1.26,4.94,3,999,999,0,999,999,0,999,999,0,DownArrow,LeftArrow,False
95111034,-1.41,0.02,109.5677,999,999,999,999,1.80,7.93,3,0.37,6.30,3,-1.30,4.53,3,999,999,0,999,999,0,999,999,0,DownArrow,LeftArrow,False
95111034,-1.41,-0.06,109.5677,999,999,999,999,1.60,7.42,3,0.32,5.90,3,-1.26,4.12,3,999,999,0,999,999,0,999,999,0,None,None,False
95111035,-0.91,-0.13,109.5677,999,999,999,999,1.38,6.96,3,0.34,5.52,3,-1.14,3.75,3,999,999,0,999,999,0,999,999,0,None,RightArrow,False
95111035,-0.91,-0.21,109.5677,999,999,999,999,1.16,6.46,3,0.42,5.13,3,-0.94,3.39,3,999,999,0,999,999,0,999,999,0,None,None,False
95111035,-0.08,-0.29,109.5677,999,999,999,999,0.99,5.95,3,0.55,4.75,3,-0.71,3.04,3,999,999,0,999,999,0,999,999,0,None,RightArrow,False
95111035,0.17,-0.37,109.5677,999,999,999,999,0.89,5.41,3,0.67,4.36,3,-0.48,2.70,3,999,999,0,999,999,0,999,999,0,None,RightArrow,False
95111036,0.17,-0.44,109.5677,999,999,999,999,0.90,4.90,3,0.74,3.99,3,-0.30,2.36,3,999,999,0,999,999,0,999,999,0,None,None,False
95111036,0.17,-0.50,109.5677,999,999,999,999,1.00,4.37,3,0.74,3.59,3,-0.21,1.95,3,999,999,0,999,999,0,999,999,0,None,None,False
95111036,0.17,-0.50,76.60614,999,999,999,999,1.14,3.84,3,0.64,3.20,3,-0.26,1.55,3,999,999,0,999,999,0,999,999,0,None,None,True
95111036,0.34,-0.50,78.60614,999,999,999,999,0.44,9.47,5,1.26,3.35,3,0.47,2.87,3,999,999,0,999,999,0,999,999,0,None,RightArrow,True
95111037,0.75,-0.50,79.60614,999,999,999,999,0.40,9.33,5,1.32,2.81,3,0.25,2.53,1,999,999,0,999,999,0,999,999,0,None,RightArrow,True
95111037,0.75,-0.50,80.60614,999,999,999,999,-1.36,9.44,5,0.19,9.04,3,0.37,9.20,5,999,999,0,999,999,0,999,999,0,None,None,True
95111037,0.75,-0.50,80.60614,999,999,999,999,-1.34,9.12,5,0.09,8.50,3,0.34,9.07,5,999,999,0,999,999,0,999,999,0,None,None,False
95111038,0.75,-0.50,80.60614,999,999,999,999,-1.96,9.40,3,-0.13,9.19,3,-1.37,8.79,5,0.04,7.92,3,0.32,8.93,5,999,999,0,None,None,False
95111038,0.75,0.04,80.60614,999,999,999,999,-1.98,9.08,3,-0.26,8.64,3,-1.41,8.46,5,0.07,7.33,3,0.33,8.79,5,999,999,0,UpArrow,None,False
95111038,-0.07,0.87,80.60614,999,999,999,999,-2.00,8.79,3,-0.38,8.12,3,-1.44,8.15,5,0.18,6.79,3,0.35,8.66,5,999,999,0,UpArrow,LeftArrow,False
95111038,-0.36,2.00,80.60614,999,999,999,999,-2.00,8.47,3,-0.46,7.56,3,-1.46,7.81,5,0.34,6.23,3,0.38,8.52,5,999,999,0,UpArrow,LeftArrow,False
95111039,-0.36,3.24,80.60614,999,999,999,999,-1.95,8.15,3,-0.46,7.00,3,-1.43,7.48,5,0.50,5.67,3,0.41,8.39,5,999,999,0,UpArrow,None,False
95111039,-0.28,2.59,80.60614,999,999,999,999,-1.87,7.85,3,-0.38,6.44,3,-1.35,7.15,5,0.61,5.09,3,0.43,8.25,5,999,999,0,DownArrow,RightArrow,False
95111039,-0.28,1.93,80.60614,999,999,999,999,-1.76,7.57,3,-0.23,5.93,3,-1.24,6.86,5,0.63,4.54,3,0.43,8.12,5,999,999,0,DownArrow,None,False
95111039,0.22,1.85,80.60614,999,999,999,999,-1.62,7.28,3,-0.04,5.40,3,-1.10,6.55,5,0.52,3.97,3,0.42,7.98,5,999,999,0,None,RightArrow,False
95111040,-0.19,0.70,80.60614,999,999,999,999,-1.49,6.99,3,0.16,4.87,3,-0.97,6.25,5,0.30,3.42,3,0.39,7.84,5,999,999,0,DownArrow,LeftArrow,False
95111040,-0.25,0.41,62.05458,999,999,999,999,-1.39,6.72,3,0.28,4.35,3,-0.87,5.95,5,0.04,2.94,3,0.35,7.72,5,999,999,0,DownArrow,LeftArrow,True
95111040,0.13,0.66,64.05458,999,999,999,999,-1.31,6.41,3,0.31,3.79,3,-0.80,5.62,5,0.31,7.58,5,999,999,0,999,999,0,UpArrow,RightArrow,True
95111040,-0.21,1.16,66.05458,999,999,999,999,1.88,9.46,3,-1.30,6.11,3,-0.80,5.31,5,0.28,7.46,5,999,999,0,999,999,0,UpArrow,LeftArrow,True
95111041,-1.19,1.90,66.05458,999,999,999,999,1.74,8.89,3,-1.32,5.79,3,-0.86,4.98,4,0.26,7.32,5,999,999,0,999,999,0,UpArrow,LeftArrow,False
95111041,-1.19,1.94,67.05458,999,999,999,999,1.68,8.33,3,-1.37,5.50,3,-0.94,4.67,2,0.26,7.19,4,999,999,0,999,999,0,UpArrow,None,True
95111041,-1.19,1.88,68.05458,999,999,999,999,-1.40,9.42,5,1.69,7.73,3,-1.43,5.19,3,0.29,7.05,4,999,999,0,999,999,0,None,None,True
95111041,-1.19,1.80,68.05458,999,999,999,999,-1.29,9.13,5,1.74,7.18,3,-1.45,4.89,3,0.32,6.92,4,999,999,0,999,999,0,None,None,False
95111042,-1.19,1.73,68.05458,999,999,999,999,-1.18,8.83,5,1.81,6.58,3,-1.41,4.57,3,0.35,6.79,4,999,999,0,999,999,0,None,None,False
95111042,-0.78,1.15,68.05458,999,999,999,999,-1.09,8.52,5,1.83,5.99,3,-1.32,4.27,3,0.38,6.65,4,999,999,0,999,999,0,DownArrow,RightArrow,False
95111042,-0.44,0.90,68.05458,999,999,999,999,-1.03,8.20,5,1.76,5.40,3,-1.17,3.99,3,0.39,6.51,4,999,999,0,999,999,0,DownArrow,RightArrow,False
95111042,-0.44,0.82,68.05458,999,999,999,999,-1.01,7.89,5,1.60,4.86,3,-1.01,3.74,3,0.38,6.38,4,999,999,0,999,999,0,None,None,False
95111043,-0.36,0.76,62.6524,999,999,999,999,-1.03,7.61,5,1.37,4.40,3,-0.86,3.51,3,0.35,6.26,4,999,999,0,999,999,0,None,RightArrow,True
95111043,0.94,0.70,63.6524,999,999,999,999,-1.08,7.33,5,1.09,3.95,3,0.31,6.15,4,999,999,0,999,999,0,999,999,0,None,RightArrow,True
95111043,0.61,0.64,64.6524,999,999,999,999,-1.13,7.05,5,0.81,3.51,3,0.26,6.03,4,999,999,0,999,999,0,999,999,0,None,LeftArrow,True
95111044,0.53,0.58,65.6524,999,999,999,999,-1.16,6.76,5,0.23,5.92,4,999,999,0,999,999,0,999,999,0,999,999,0,None,LeftArrow,True
95111044,0.18,1.69,66.6524,999,999,999,999,-1.15,6.48,5,0.21,5.80,4,999,999,0,999,999,0,999,999,0,999,999,0,UpArrow,LeftArrow,True
95111044,0.18,1.65,67.6524,999,999,999,999,-1.10,6.22,5,0.21,5.68,2,999,999,0,999,999,0,999,999,0,999,999,0,UpArrow,None,True
95111044,-0.19,1.74,68.6524,999,999,999,999,-1.93,9.28,3,-1.01,5.95,5,999,999,0,999,999,0,999,999,0,999,999,0,UpArrow,LeftArrow,True
95111045,-0.47,2.45,69.6524,999,999,999,999,-1.93,8.76,3,-0.89,5.69,5,999,999,0,999,999,0,999,999,0,999,999,0,UpArrow,LeftArrow,True
95111045,-0.47,2.41,70.6524,999,999,999,999,-1.87,8.25,3,-0.77,5.43,3,999,999,0,999,999,0,999,999,0,999,999,0,None,None,True
95111045,-0.89,2.43,71.6524,999,999,999,999,-1.75,7.75,3,-0.67,5.17,1,999,999,0,999,999,0,999,999,0,999,999,0,UpArrow,LeftArrow,True
95111045,-0.89,3.59,71.6524,999,999,999,999,-1.19,9.25,3,-1.56,7.27,3,999,999,0,999,999,0,999,999,0,999,999,0,UpArrow,None,False
95111046,-0.89,3.53,72.6524,999,999,999,999,1.08,9.44,3,1.50,9.35,3,-2.15,9.42,5,-1.09,8.97,3,-1.36,6.83,3,999,999,0,None,None,True
95111046,-0.89,3.48,73.6524,2.350553,8.85787,999,999,-0.64,9.23,3,1.01,9.15,3,1.40,9.00,3,-2.10,9.30,5,-0.98,8.66,3,999,999,0,None,None,True
95111046,-0.89,3.43,75.6524,2.249694,8.21574,999,999,-0.33,9.15,3,-0.68,8.97,3,0.92,8.89,3,1.28,8.69,3,-2.06,9.19,5,-0.90,8.37,3,None,None,True
95111046,-0.89,4.64,75.6524,2.141077,7.524216,999,999,0.07,9.42,3,-0.42,8.74,3,-0.74,8.69,3,0.83,8.61,3,1.16,8.35,3,-2.03,9.07,5,UpArrow,None,False
95111047,-0.42,4.17,76.6524,2.03246,6.832691,999,999,0.05,9.06,3,-0.48,8.32,3,-0.77,8.40,3,0.75,8.33,3,1.05,8.01,3,-2.01,8.94,5,DownArrow,RightArrow,True
95111047,0.47,3.28,76.6524,1.9316,6.190561,999,999,-0.01,8.73,3,-0.50,7.93,1,-0.78,8.13,2,0.70,8.06,3,0.98,7.68,3,-2.01,8.82,5,DownArrow,RightArrow,False
95111047,1.19,3.55,76.6524,1.822981,5.499037,999,999,-0.10,8.38,3,-0.47,7.52,1,-0.75,7.85,2,0.69,7.77,3,0.95,7.32,3,-2.02,8.70,5,UpArrow,RightArrow,False
95111047,1.19,4.53,76.6524,999,999,999,999,-0.19,8.03,3,-0.38,7.11,1,-0.68,7.57,2,0.72,7.48,3,0.98,6.96,3,-2.02,8.57,5,UpArrow,None,False
95111048,1.31,3.35,76.6524,999,999,999,999,-0.25,7.68,3,-0.25,6.71,1,-0.59,7.30,2,0.78,7.19,3,1.04,6.60,3,-2.02,8.44,5,DownArrow,RightArrow,False
95111048,0.48,2.44,76.6524,999,999,999,999,-0.27,7.34,3,-0.12,6.34,1,-0.50,7.04,2,0.84,6.92,3,1.11,6.27,3,-2.01,8.32,5,DownArrow,LeftArrow,False
95111048,0.01,2.30,51.70566,999,999,999,999,-0.24,6.98,3,-0.01,5.93,1,-0.41,6.77,2,0.88,6.63,3,1.16,5.92,3,-1.98,8.20,5,DownArrow,LeftArrow,True
95111048,0.01,2.14,53.70566,999,999,999,999,-0.16,6.63,3,0.89,6.34,2,1.16,5.56,3,-1.94,8.08,5,999,999,0,999,999,0,None,None,True
95111049,0.76,2.11,55.70566,999,999,999,999,-0.05,6.31,2,0.85,6.07,1,1.09,5.23,2,-1.89,7.98,5,999,999,0,999,999,0,None,RightArrow,True
95111049,0.76,2.07,56.70566,999,999,999,999,0.38,9.40,5,0.06,5.97,1,-1.83,7.86,5,999,999,0,999,999,0,999,999,0,None,None,True
95111049,0.05,2.47,56.70566,999,999,999,999,-0.78,9.27,3,0.31,9.13,5,-1.79,7.74,5,999,999,0,999,999,0,999,999,0,UpArrow,LeftArrow,False
95111050,0.05,2.83,57.70566,999,999,999,999,-1.39,9.41,3,-0.86,8.81,3,0.24,8.86,4,-1.75,7.62,5,999,999,0,999,999,0,UpArrow,None,True
95111050,-0.94,3.17,57.70566,999,999,999,999,-1.37,9.11,3,-0.91,8.38,2,0.18,8.60,3,-1.74,7.50,5,999,999,0,999,999,0,UpArrow,LeftArrow,False
95111050,-1.40,3.81,57.70566,999,999,999,999,-1.38,8.79,3,-0.93,7.91,2,0.14,8.32,3,-1.74,7.38,5,999,999,0,999,999,0,UpArrow,LeftArrow,False
95111050,-1.40,3.75,57.70566,999,999,999,999,-1.42,8.47,3,-0.87,7.45,2,0.15,8.04,3,-1.75,7.25,5,999,999,0,999,999,0,None,None,False
95111051,-1.40,3.68,57.70566,999,999,999,999,-1.46,8.15,3,-0.75,7.00,2,0.19,7.76,3,-1.77,7.12,5,999,999,0,999,999,0,None,None,False
95111051,-1.40,3.63,55.0921,999,999,999,999,-1.48,7.82,3,-0.59,6.56,2,0.25,7.49,3,-1.77,7.00,5,999,999,0,999,999,0,None,None,True
95111051,-1.40,3.33,57.0921,999,999,999,999,0.31,9.49,5,-1.46,7.52,3,0.32,7.24,3,-1.76,6.88,4,999,999,0,999,999,0,DownArrow,None,True
95111051,-0.74,2.35,58.0921,999,999,999,999,0.34,9.36,5,-1.40,7.21,3,0.38,6.96,3,-1.73,6.76,1,999,999,0,999,999,0,DownArrow,RightArrow,True
95111052,-0.74,2.30,59.0921,999,999,999,999,-2.03,9.48,3,-1.83,9.21,3,0.35,9.22,5,-1.29,6.90,2,0.40,6.68,3,999,999,0,None,None,True
95111052,-0.15,2.24,60.0921,999,999,999,999,1.11,9.39,3,-1.98,9.18,3,-1.76,8.73,3,0.34,9.10,5,0.39,6.42,3,999,999,0,None,RightArrow,True
95111052,0.32,2.65,61.0921,999,999,999,999,1.16,9.07,3,-1.97,8.87,3,-1.75,8.21,3,0.32,8.96,5,0.32,6.15,3,999,999,0,UpArrow,RightArrow,True
95111052,0.32,2.92,62.0921,999,999,999,999,1.18,8.77,3,-1.98,8.57,3,-1.79,7.72,3,0.29,8.84,5,0.24,5.90,1,999,999,0,UpArrow,None,True
95111053,0.02,4.04,62.0921,999,999,999,999,1.10,9.12,3,1.18,8.44,3,-2.01,8.25,3,-1.84,7.20,3,0.25,8.71,5,999,999,0,UpArrow,LeftArrow,False
95111053,-0.06,4.04,62.0921,999,999,999,999,1.04,8.68,3,1.13,8.12,3,-2.02,7.93,3,-1.87,6.68,3,0.22,8.58,5,999,999,0,None,LeftArrow,False
95111053,-0.88,3.16,62.0921,999,999,999,999,0.94,8.28,3,1.05,7.83,3,-1.99,7.64,3,-1.83,6.19,3,0.20,8.46,5,999,999,0,DownArrow,LeftArrow,False
95111053,-1.70,2.10,60.77668,999,999,999,999,0.79,7.86,3,0.94,7.53,3,-1.93,7.32,3,-1.71,5.68,3,0.20,8.32,5,999,999,0,DownArrow,LeftArrow,True
95111054,-1.70,2.06,61.77668,999,999,999,999,0.64,7.44,3,0.82,7.23,3,-1.82,7.02,3,-1.51,5.20,1,0.22,8.19,5,999,999,0,None,None,True
95111054,-1.70,2.00,63.77668,999,999,999,999,0.52,7.02,3,0.72,6.92,3,-1.68,6.73,3,0.25,8.06,5,999,999,0,999,999,0,None,None,True
95111054,-1.11,2.72,64.77668,999,999,999,999,0.45,6.61,3,0.66,6.63,3,-1.55,6.47,1,0.28,7.94,5,999,999,0,999,999,0,UpArrow,RightArrow,True
95111054,-1.03,2.60,64.77668,999,999,999,999,0.44,6.17,3,0.65,6.30,3,0.30,7.80,5,999,999,0,999,999,0,999,999,0,None,RightArrow,False
95111055,0.29,2.60,64.77668,999,999,999,999,0.51,5.73,3,0.69,5.98,3,0.32,7.67,5,999,999,0,999,999,0,999,999,0,None,RightArrow,False
95111055,0.62,2.60,64.77668,999,999,999,999,0.62,5.33,3,0.76,5.69,3,0.31,7.55,5,999,999,0,999,999,0,999,999,0,None,RightArrow,False
95111055,0.62,1.86,64.77668,999,999,999,999,0.74,4.91,3,0.84,5.38,3,0.29,7.41,5,999,999,0,999,999,0,999,999,0,DownArrow,None,False
95111055,0.62,0.96,64.77668,999,999,999,999,0.83,4.47,3,0.90,5.06,3,0.25,7.28,5,999,999,0,999,999,0,999,999,0,DownArrow,None,False
95111056,0.62,0.94,61.35718,999,999,999,999,1.56,9.18,3,-0.95,9.26,5,0.85,4.03,3,0.91,4.74,3,0.21,7.15,5,999,999,0,None,None,True
95111056,0.62,0.90,63.35718,999,999,999,999,-1.07,9.48,3,1.42,8.78,3,-0.94,8.99,5,0.85,4.42,3,0.17,7.02,5,999,999,0,None,None,True
95111056,0.62,1.26,64.35718,999,999,999,999,-1.08,9.21,3,1.32,8.39,3,-0.95,8.74,5,0.75,4.14,1,0.15,6.90,5,999,999,0,UpArrow,None,True
95111057,0.62,2.50,65.35718,999,999,999,999,0.23,9.23,3,-1.12,8.93,3,1.26,7.96,3,-0.99,8.48,5,0.15,6.77,5,999,999,0,UpArrow,None,True
95111057,0.62,2.48,66.35718,999,999,999,999,0.13,8.86,3,-1.16,8.64,3,1.27,7.53,3,-1.03,8.22,5,0.17,6.63,3,999,999,0,UpArrow,None,True
95111057,0.62,2.46,67.35718,999,999,999,999,0.05,8.51,3,-1.19,8.38,3,1.32,7.13,3,-1.06,7.97,5,0.20,6.51,1,999,999,0,None,None,True
95111057,0.62,2.42,69.35718,999,999,999,999,-0.26,9.38,3,0.01,8.13,3,-1.19,8.09,3,1.38,6.71,2,-1.07,7.71,5,999,999,0,None,None,True
95111058,1.24,3.22,70.35718,999,999,999,999,-0.19,9.10,3,0.01,7.75,2,-1.15,7.80,3,-1.03,7.44,5,999,999,0,999,999,0,UpArrow,RightArrow,True
95111058,0.76,4.07,71.35718,999,999,999,999,-0.16,8.84,3,0.07,7.40,1,-1.08,7.54,3,-0.97,7.20,5,999,999,0,999,999,0,UpArrow,LeftArrow,True
95111058,-0.56,4.06,71.35718,999,999,999,999,-0.15,8.55,3,-0.98,7.27,3,-0.87,6.95,5,999,999,0,999,999,0,999,999,0,None,LeftArrow,False
95111058,-0.64,3.32,71.35718,999,999,999,999,-0.18,8.26,3,-0.87,7.01,3,-0.77,6.71,5,999,999,0,999,999,0,999,999,0,DownArrow,LeftArrow,False
95111059,-0.29,2.15,71.35718,999,999,999,999,-0.24,7.98,3,-0.77,6.74,3,-0.68,6.46,5,999,999,0,999,999,0,999,999,0,DownArrow,RightArrow,False
95111059,-0.29,2.07,71.35718,999,999,999,999,-0.31,7.71,3,-0.71,6.46,3,-0.63,6.20,5,999,999,0,999,999,0,999,999,0,DownArrow,None,False
95111059,-0.29,2.07,71.35718,999,999,999,999,-0.37,7.44,3,-0.69,6.19,3,-0.61,5.95,5,999,999,0,999,999,0,999,999,0,None,None,False
95111059,-0.29,2.07,71.35718,999,999,999,999,-0.40,7.18,3,-0.72,5.92,3,-0.64,5.71,5,999,999,0,999,999,0,999,999,0,None,None,False
9511110,-0.46,2.07,71.35718,999,999,999,999,-0.39,6.89,3,-0.78,5.64,3,-0.70,5.45,5,999,999,0,999,999,0,999,999,0,None,LeftArrow,False
9511110,-1.09,1.33,71.35718,999,999,999,999,-0.34,6.61,3,-0.85,5.36,3,-0.77,5.19,5,999,999,0,999,999,0,999,999,0,DownArrow,LeftArrow,False
9511110,-1.09,1.33,71.35718,999,999,999,999,-0.25,6.34,3,-0.91,5.08,3,-0.83,4.93,5,999,999,0,999,999,0,999,999,0,None,None,False
9511110,-0.76,1.33,57.26477,999,999,999,999,-0.16,6.07,3,-0.93,4.79,3,-0.85,4.66,5,999,999,0,999,999,0,999,999,0,None,RightArrow,True
9511111,-0.68,1.26,59.26477,999,999,999,999,-0.07,5.81,3,-0.81,4.42,1,999,999,0,999,999,0,999,999,0,999,999,0,None,RightArrow,True
9511111,-0.51,1.24,60.26477,999,999,999,999,1.88,9.36,3,-0.02,5.53,3,999,999,0,999,999,0,999,999,0,999,999,0,None,RightArrow,True
9511111,0.07,1.94,61.26477,999,999,999,999,1.82,8.97,3,-0.01,5.24,2,999,999,0,999,999,0,999,999,0,999,999,0,UpArrow,RightArrow,True
9511111,0.07,1.88,63.26477,999,999,999,999,1.88,9.25,3,1.72,8.63,3,999,999,0,999,999,0,999,999,0,999,999,0,None,None,True
9511112,0.36,2.28,63.26477,999,999,999,999,0.34,9.13,3,1.76,8.92,3,1.58,8.26,3,999,999,0,999,999,0,999,999,0,UpArrow,RightArrow,False
9511112,1.24,3.08,63.26477,999,999,999,999,2.41,9.34,3,1.63,8.61,3,1.44,7.93,3,999,999,0,999,999,0,999,999,0,UpArrow,RightArrow,False
9511112,1.30,3.81,63.26477,999,999,999,999,2.32,8.92,3,1.50,8.28,3,1.30,7.56,3,999,999,0,999,999,0,999,999,0,UpArrow,RightArrow,False
9511112,1.30,3.75,64.26477,999,999,999,999,2.17,8.50,3,1.40,7.94,3,1.19,7.19,3,999,999,0,999,999,0,999,999,0,None,None,True
9511113,1.30,3.69,66.26477,999,999,999,999,2.00,8.10,3,1.34,7.59,3,1.13,6.80,1,999,999,0,999,999,0,999,999,0,None,None,True
9511113,1.86,3.86,67.26477,999,999,999,999,1.05,9.26,3,1.82,7.74,3,1.34,7.26,1,999,999,0,999,999,0,999,999,0,UpArrow,RightArrow,True
9511113,1.86,4.26,68.26477,999,999,999,999,1.74,9.35,3,1.08,8.95,3,1.65,7.33,3,999,999,0,999,999,0,999,999,0,UpArrow,None,True
9511114,0.63,4.26,69.26477,-0.6112026,9.301517,999,999,-1.84,9.50,3,0.82,9.43,3,1.66,9.08,3,1.13,8.64,3,999,999,0,999,999,0,None,LeftArrow,True
9511114,0.06,4.26,69.26477,-0.6973227,8.606829,999,999,-1.67,9.04,3,0.86,9.16,3,1.62,8.81,3,1.17,8.33,3,999,999,0,999,999,0,None,LeftArrow,False
9511114,0.30,3.94,69.26477,-0.7772914,7.961761,999,999,-1.54,8.61,3,0.88,8.92,3,1.62,8.56,3,1.18,8.04,3,999,999,0,999,999,0,DownArrow,RightArrow,False
9511114,0.79,3.53,69.26477,-0.8634115,7.267079,999,999,-1.46,8.13,3,0.86,8.66,3,1.64,8.28,3,1.15,7.73,3,999,999,0,999,999,0,DownArrow,RightArrow,False
9511115,0.79,3.45,70.13443,-0.9495316,6.572397,999,999,-1.44,7.64,3,0.82,8.40,3,1.67,8.01,3,1.08,7.43,3,999,999,0,999,999,0,None,None,True
9511115,0.79,3.08,71.13443,-1.035651,5.877715,999,999,-0.85,9.48,3,-1.48,7.15,3,0.74,8.14,3,1.69,7.73,3,999,999,0,999,999,0,DownArrow,None,True
9511115,-0.03,2.17,71.13443,-1.11562,5.232653,999,999,-0.89,9.23,3,-1.55,6.71,3,0.66,7.91,2,1.68,7.47,2,999,999,0,999,999,0,DownArrow,LeftArrow,False
9511115,-1.18,1.69,72.13443,-1.20174,4.537971,999,999,-0.93,8.96,3,-1.60,6.22,3,0.58,7.66,2,1.64,7.20,2,999,999,0,999,999,0,DownArrow,LeftArrow,True
9511116,-1.27,2.84,73.13443,-1.281709,3.892909,999,999,-2.04,9.41,5,-0.95,8.71,3,-1.61,5.77,3,0.52,7.42,2,1.56,6.96,2,999,999,0,UpArrow,LeftArrow,True
9511116,-1.27,2.68,73.13443,999,999,999,999,-2.05,9.08,5,-0.93,8.44,1,-1.53,5.29,1,0.50,7.16,2,1.45,6.70,2,999,999,0,DownArrow,None,False
9511116,-1.50,1.46,73.13443,999,999,999,999,-2.07,8.75,5,-0.88,8.17,1,-1.37,4.83,1,0.51,6.89,2,1.33,6.46,2,999,999,0,DownArrow,LeftArrow,False
9511116,-1.36,0.76,54.13443,999,999,999,999,-2.08,8.42,5,-0.80,7.91,1,-1.14,4.39,1,0.56,6.63,2,1.21,6.20,2,999,999,0,DownArrow,RightArrow,True
9511117,-0.37,0.73,55.13443,999,999,999,999,-0.94,9.29,3,-2.06,8.09,5,-0.71,7.65,1,0.63,6.38,2,1.13,5.94,2,999,999,0,None,RightArrow,True
9511117,0.41,1.22,57.13443,999,999,999,999,-0.81,8.89,3,-2.00,7.79,5,0.68,6.14,2,1.09,5.69,2,999,999,0,999,999,0,UpArrow,RightArrow,True
9511117,0.41,2.03,59.13443,999,999,999,999,-0.26,9.50,3,-0.70,9.18,3,-0.71,8.46,2,-1.90,7.48,5,1.09,5.41,1,999,999,0,UpArrow,None,True
9511117,0.41,1.99,60.13443,999,999,999,999,1.70,9.24,3,-0.24,9.17,3,-0.66,8.83,3,-0.67,8.02,2,-1.76,7.18,5,999,999,0,None,None,True
9511118,-0.07,2.16,61.13443,999,999,999,999,1.62,8.91,3,-0.26,8.87,1,-0.67,8.50,3,-0.68,7.61,2,-1.63,6.90,5,999,999,0,UpArrow,LeftArrow,True
9511118,-1.04,2.73,62.13443,999,999,999,999,1.86,9.26,3,1.50,8.56,3,-0.72,8.15,3,-0.75,7.17,2,-1.49,6.60,5,999,999,0,UpArrow,LeftArrow,True
9511118,-1.04,2.69,63.13443,999,999,999,999,1.71,8.89,3,1.36,8.22,3,-0.79,7.81,3,-0.84,6.73,2,-1.38,6.29,3,999,999,0,None,None,True
9511118,-1.04,2.63,65.13443,999,999,999,999,1.56,8.51,3,1.23,7.87,3,-0.85,7.46,3,-0.93,6.30,2,-1.32,5.97,1,999,999,0,None,None,True
9511119,-1.04,2.59,66.13443,999,999,999,999,2.39,9.34,3,1.92,9.25,3,1.45,8.16,3,1.13,7.55,3,-0.89,7.13,1,999,999,0,None,None,True
9511119,-0.32,3.00,67.13443,999,999,999,999,0.16,9.39,3,2.31,9.03,3,1.85,8.91,3,1.37,7.76,3,1.07,7.18,3,999,999,0,UpArrow,RightArrow,True
9511119,0.61,3.89,68.13443,999,999,999,999,0.18,9.10,3,2.28,8.70,3,1.82,8.58,3,1.36,7.36,3,1.07,6.82,3,999,999,0,UpArrow,RightArrow,True
95111110,0.67,3.47,69.13443,999,999,999,999,0.22,8.83,1,2.27,8.40,3,1.83,8.26,3,1.39,6.99,3,1.11,6.48,1,999,999,0,DownArrow,RightArrow,True
95111110,1.57,2.43,70.13443,999,999,999,999,-1.13,9.41,5,-2.39,9.13,3,0.29,8.55,1,2.29,8.07,3,1.86,7.92,3,1.45,6.59,3,DownArrow,RightArrow,True
95111110,1.62,2.31,71.13443,999,999,999,999,-1.03,9.12,5,-2.30,8.70,3,0.35,8.28,1,2.30,7.76,3,1.88,7.61,3,1.50,6.22,3,DownArrow,RightArrow,True
95111110,1.62,2.26,73.13443,999,999,999,999,-0.95,8.80,5,-2.16,8.25,3,0.39,7.99,1,2.28,7.44,3,1.88,7.27,3,1.51,5.82,1,None,None,True
95111111,1.80,2.48,74.13443,999,999,999,999,1.02,9.27,3,-0.91,8.48,5,-1.97,7.82,3,0.39,7.69,1,2.22,7.11,3,1.83,6.94,1,UpArrow,RightArrow,True
95111111,2.03,3.31,75.13443,999,999,999,999,0.27,9.44,3,1.05,9.01,3,-0.91,8.18,5,-1.78,7.43,3,0.36,7.42,1,2.12,6.83,1,UpArrow,RightArrow,True
95111111,0.80,3.25,76.13443,-1.415731,9.152596,999,999,-2.24,9.30,3,0.36,9.02,3,1.09,8.74,3,-0.95,7.85,5,-1.59,7.00,3,0.29,7.14,1,None,LeftArrow,True
95111111,0.36,2.08,77.13443,-1.330597,8.457787,999,999,1.43,9.49,5,-2.25,8.91,3,0.40,8.60,3,1.11,8.46,2,-1.00,7.53,5,-1.43,6.56,3,DownArrow,LeftArrow,True
95111112,-0.81,2.02,78.13443,-1.251544,7.812609,999,999,1.42,9.36,5,-2.27,8.55,3,0.40,8.20,3,1.09,8.21,2,-1.05,7.23,5,-1.34,6.13,3,None,LeftArrow,True
95111112,-0.81,1.97,80.13443,-1.166411,7.117806,999,999,1.39,9.22,5,-2.25,8.16,3,0.34,7.78,1,1.03,7.94,2,-1.08,6.90,5,-1.33,5.66,3,None,None,True
95111112,-0.81,1.92,81.13443,-1.081277,6.423004,999,999,1.35,9.09,5,-2.19,7.77,3,0.23,7.36,1,0.94,7.68,2,-1.07,6.57,5,999,999,0,None,None,True
95111112,-1.65,2.61,82.13443,-0.996143,5.728202,999,999,1.30,8.95,5,-2.07,7.39,3,0.10,6.96,1,0.85,7.42,2,-0.99,6.25,3,999,999,0,UpArrow,LeftArrow,True
95111113,-1.26,2.51,83.13443,-0.9170898,5.083028,999,999,1.26,8.83,5,-1.92,7.06,2,-0.01,6.58,1,0.76,7.18,2,-0.89,5.97,2,999,999,0,DownArrow,RightArrow,True
95111113,-0.33,1.49,83.13443,-0.8319558,4.388226,999,999,1.22,8.69,5,-1.75,6.71,1,-0.09,6.16,1,0.69,6.92,2,-0.75,5.67,1,999,999,0,DownArrow,RightArrow,False
95111113,-0.27,1.79,85.13443,-0.7468218,3.693424,999,999,1.20,8.55,5,-1.57,6.36,1,-0.11,5.73,1,0.66,6.64,2,-0.62,5.37,1,999,999,0,UpArrow,RightArrow,True
95111113,-0.78,2.36,85.13443,-0.6677687,3.04825,999,999,2.39,9.48,5,1.20,8.42,5,-1.43,6.02,1,0.67,6.39,2,999,999,0,999,999,0,UpArrow,LeftArrow,False
95111114,-0.51,2.10,85.13443,999,999,999,999,2.37,9.34,5,1.21,8.28,5,-1.33,5.64,1,0.72,6.12,1,999,999,0,999,999,0,DownArrow,RightArrow,False
95111114,-0.58,1.43,85.13443,999,999,999,999,2.33,9.21,5,1.23,8.14,5,-1.30,5.25,1,0.78,5.85,1,999,999,0,999,999,0,DownArrow,LeftArrow,False
95111114,-1.24,1.36,66.13443,999,999,999,999,2.29,9.09,5,1.25,8.01,5,-1.34,4.89,1,0.84,5.60,1,999,999,0,999,999,0,None,LeftArrow,True
95111114,-0.99,1.27,68.13443,999,999,999,999,2.23,8.97,5,1.26,7.87,5,0.87,5.33,1,999,999,0,999,999,0,999,999,0,None,RightArrow,True
95111115,0.05,1.84,68.13443,999,999,999,999,2.18,8.84,5,1.24,7.73,5,0.86,5.05,1,999,999,0,999,999,0,999,999,0,UpArrow,RightArrow,False
95111115,0.70,2.12,69.13443,999,999,999,999,2.13,8.71,5,1.21,7.59,5,0.79,4.78,1,999,999,0,999,999,0,999,999,0,UpArrow,RightArrow,True
95111115,0.70,0.96,70.13443,999,999,999,999,1.15,9.24,3,2.09,8.59,5,1.17,7.47,5,999,999,0,999,999,0,999,999,0,DownArrow,None,True
95111115,0.70,0.67,72.13443,999,999,999,999,1.14,8.86,3,2.08,8.45,5,1.12,7.34,3,999,999,0,999,999,0,999,999,0,UpArrow,None,True
95111116,0.82,1.83,73.13443,999,999,999,999,1.17,8.49,3,2.07,8.31,5,1.06,7.21,1,999,999,0,999,999,0,999,999,0,UpArrow,RightArrow,True
95111116,1.17,3.00,74.13443,999,999,999,999,0.06,9.31,3,1.22,8.12,3,2.08,8.17,5,999,999,0,999,999,0,999,999,0,UpArrow,RightArrow,True
95111116,1.40,3.15,75.13443,999,999,999,999,0.13,9.01,3,2.09,8.05,5,999,999,0,999,999,0,999,999,0,999,999,0,UpArrow,RightArrow,True
95111117,1.40,3.13,76.13443,999,999,999,999,-1.06,9.40,5,0.19,8.68,3,2.09,7.91,4,999,999,0,999,999,0,999,999,0,None,None,True
95111117,2.08,3.70,78.13443,999,999,999,999,-1.04,9.28,5,0.20,8.34,3,2.07,7.77,3,999,999,0,999,999,0,999,999,0,UpArrow,RightArrow,True
95111117,1.08,3.79,78.13443,999,999,999,999,0.54,9.50,3,-1.04,9.16,5,0.17,8.01,3,999,999,0,999,999,0,999,999,0,UpArrow,LeftArrow,False
95111117,0.42,4.21,78.13443,999,999,999,999,0.59,9.25,3,-1.05,9.05,5,0.11,7.70,3,999,999,0,999,999,0,999,999,0,UpArrow,LeftArrow,False
95111118,0.42,4.21,78.13443,999,999,999,999,0.62,8.97,3,-1.06,8.94,5,0.02,7.38,3,999,999,0,999,999,0,999,999,0,None,None,False
95111118,0.42,4.21,78.13443,999,999,999,999,0.62,8.70,3,-1.08,8.82,5,-0.07,7.06,3,999,999,0,999,999,0,999,999,0,None,None,False
95111118,0.42,3.79,78.13443,999,999,999,999,0.58,8.42,3,-1.09,8.71,5,-0.15,6.73,3,999,999,0,999,999,0,999,999,0,DownArrow,None,False
95111118,0.42,2.47,78.13443,999,999,999,999,0.51,8.16,3,-1.09,8.59,5,-0.17,6.40,3,999,999,0,999,999,0,999,999,0,DownArrow,None,False
95111119,-0.24,1.97,78.13443,999,999,999,999,0.43,7.91,3,-1.07,8.48,5,-0.14,6.09,3,999,999,0,999,999,0,999,999,0,DownArrow,LeftArrow,False
95111119,-0.24,1.97,78.13443,999,999,999,999,0.35,7.65,3,-1.04,8.37,5,-0.06,5.76,3,999,999,0,999,999,0,999,999,0,None,None,False
95111119,-0.24,1.97,78.13443,999,999,999,999,0.29,7.38,3,-1.00,8.26,5,0.05,5.44,3,999,999,0,999,999,0,999,999,0,None,None,False
95111119,0.23,1.42,78.13443,999,999,999,999,0.26,7.11,3,-0.96,8.15,5,0.16,5.13,3,999,999,0,999,999,0,999,999,0,DownArrow,RightArrow,False
95111120,0.23,1.42,60.93787,999,999,999,999,0.10,9.50,5,0.28,6.85,3,-0.93,8.05,5,0.24,4.83,3,999,999,0,999,999,0,None,None,True
95111120,0.23,1.34,61.93787,999,999,999,999,1.19,9.24,5,0.12,9.16,5,0.33,6.58,3,-0.91,7.93,5,0.27,4.49,1,999,999,0,None,None,True
95111120,0.23,1.74,62.93787,999,999,999,999,-0.57,9.36,5,1.14,8.93,5,0.10,8.81,5,0.41,6.31,3,-0.90,7.81,5,999,999,0,UpArrow,None,True
95111120,0.23,2.33,63.93787,999,999,999,999,-0.50,9.12,5,1.06,8.63,5,0.04,8.47,5,0.48,6.05,1,-0.91,7.70,5,999,999,0,UpArrow,None,True
95111121,0.15,2.27,64.93787,999,999,999,999,0.80,9.30,3,-0.45,8.89,5,0.97,8.36,5,-0.04,8.16,5,-0.93,7.59,5,999,999,0,None,LeftArrow,True
95111121,-0.76,3.04,65.93787,999,999,999,999,0.67,8.91,3,-0.42,8.63,5,0.86,8.07,5,-0.13,7.82,3,-0.95,7.47,5,999,999,0,UpArrow,LeftArrow,True
95111121,-0.76,2.99,66.93787,999,999,999,999,0.57,8.51,3,-0.43,8.38,5,0.78,7.78,5,-0.19,7.49,2,-0.97,7.36,3,999,999,0,None,None,True
95111121,-0.76,2.89,68.93787,999,999,999,999,-1.66,9.27,3,0.52,8.13,3,-0.47,8.14,5,0.73,7.50,5,-0.97,7.25,1,999,999,0,None,None,True
95111122,-0.10,2.84,69.93787,999,999,999,999,2.12,9.42,3,-0.11,9.23,3,-1.70,8.81,3,0.52,7.72,3,-0.52,7.90,5,0.72,7.19,5,None,RightArrow,True
95111122,-0.10,2.78,70.93787,999,999,999,999,2.00,9.13,3,-0.05,8.85,3,-1.74,8.35,3,0.57,7.31,3,-0.58,7.65,2,0.76,6.88,4,None,None,True
95111122,0.27,2.60,71.93787,999,999,999,999,1.89,8.83,3,0.04,8.49,3,-1.75,7.88,3,0.66,6.91,3,-0.61,7.40,1,0.82,6.58,3,DownArrow,RightArrow,True
95111123,0.63,2.26,72.93787,999,999,999,999,0.61,9.31,3,1.83,8.54,3,0.13,8.14,3,-1.70,7.46,3,0.74,6.54,3,0.88,6.30,2,DownArrow,RightArrow,True
95111123,0.63,2.21,74.93787,999,999,999,999,-2.31,9.23,3,0.62,8.97,3,1.79,8.23,3,0.20,7.77,3,-1.59,7.01,3,0.81,6.13,1,None,None,True
95111123,0.08,2.61,74.93787,999,999,999,999,-1.89,9.37,5,-2.15,8.82,3,0.66,8.64,3,1.80,7.91,3,0.23,7.39,3,-1.42,6.58,3,UpArrow,LeftArrow,False
95111123,-0.90,2.55,75.93787,999,999,999,999,-1.87,9.20,5,-1.98,8.42,3,0.72,8.31,3,1.82,7.60,3,0.21,7.01,1,-1.22,6.16,3,DownArrow,LeftArrow,True
95111124,-0.90,1.90,76.93787,999,999,999,999,1.77,9.28,3,-1.87,9.04,5,-1.81,8.05,3,0.78,8.00,3,1.85,7.31,3,-1.04,5.77,2,DownArrow,None,True
95111124,-0.90,1.84,78.93787,999,999,999,999,0.41,9.23,3,1.77,8.88,3,-1.88,8.86,5,-1.65,7.64,3,0.82,7.67,3,1.86,6.99,3,None,None,True
95111124,-0.90,1.78,78.93787,999,999,999,999,0.32,8.90,3,1.74,8.49,3,-1.89,8.69,5,-1.55,7.21,2,0.82,7.33,3,1.82,6.68,3,None,None,False
95111124,-0.90,1.70,78.93787,999,999,999,999,0.24,8.55,3,1.65,8.11,3,-1.90,8.52,5,-1.51,6.78,1,0.76,7.00,3,1.73,6.37,3,None,None,False
95111125,-0.90,1.62,78.93787,999,999,999,999,0.20,8.23,3,1.53,7.77,3,-1.89,8.36,5,-1.53,6.37,1,0.68,6.70,3,1.61,6.10,3,None,None,False
95111125,-0.90,1.54,78.93787,999,999,999,999,0.21,7.88,3,1.38,7.41,3,-1.85,8.19,5,-1.58,5.93,1,0.56,6.38,3,1.47,5.82,3,None,None,False
95111246,0.00,3.00,0,999,999,999,999,-1.53,9.41,5,0.00,9.23,3,999,999,0,999,999,0,999,999,0,999,999,0,None,None,False
95111246,0.00,3.00,0,999,999,999,999,-1.45,9.14,5,0.07,8.81,3,999,999,0,999,999,0,999,999,0,999,999,0,None,None,False
95111246,-0.17,1.92,0,999,999,999,999,-1.40,8.89,5,0.09,8.42,3,999,999,0,999,999,0,999,999,0,999,999,0,DownArrow,LeftArrow,False
95111247,-0.48,1.86,0,999,999,999,999,-1.38,8.62,5,0.06,7.99,3,999,999,0,999,999,0,999,999,0,999,999,0,DownArrow,RightArrow,False
95111247,-0.40,2.11,0,999,999,999,999,-1.40,8.34,5,-0.03,7.57,3,999,999,0,999,999,0,999,999,0,999,999,0,UpArrow,RightArrow,False
95111247,-0.40,3.44,0,999,999,999,999,-1.43,8.07,5,-0.14,7.16,3,999,999,0,999,999,0,999,999,0,999,999,0,UpArrow,None,False
95111247,-0.73,4.34,1,999,999,999,999,-1.46,7.81,5,-0.25,6.78,3,999,999,0,999,999,0,999,999,0,999,999,0,UpArrow,LeftArrow,True
95111248,-0.81,4.34,3,999,999,999,999,2.12,9.45,5,-1.48,7.54,5,999,999,0,999,999,0,999,999,0,999,999,0,None,LeftArrow,True
95111248,-0.81,4.34,4,999,999,999,999,2.05,9.20,5,-1.46,7.26,4,999,999,0,999,999,0,999,999,0,999,999,0,None,None,True
95111248,-1.40,4.34,5,999,999,999,999,2.03,8.96,5,-1.40,7.01,3,999,999,0,999,999,0,999,999,0,999,999,0,None,LeftArrow,True
95111248,-0.74,4.34,6,999,999,999,999,0.56,9.50,5,2.02,8.70,5,999,999,0,999,999,0,999,999,0,999,999,0,None,RightArrow,True
95111249,0.59,4.34,7,999,999,999,999,0.50,9.20,5,2.04,8.44,5,999,999,0,999,999,0,999,999,0,999,999,0,None,RightArrow,True
95111249,1.65,4.34,7,999,999,999,999,0.48,8.89,3,2.05,8.18,5,999,999,0,999,999,0,999,999,0,999,999,0,None,RightArrow,False
95111249,1.65,4.34,8,999,999,999,999,0.49,8.61,3,2.05,7.94,5,999,999,0,999,999,0,999,999,0,999,999,0,None,None,True
95111250,1.65,4.34,10,999,999,999,999,0.53,8.31,3,2.02,7.69,1,999,999,0,999,999,0,999,999,0,999,999,0,None,None,True
95111250,1.65,4.34,11,999,999,999,999,-1.83,9.42,5,0.60,8.01,3,999,999,0,999,999,0,999,999,0,999,999,0,None,None,True
95111250,1.65,4.34,12,999,999,999,999,-1.74,9.18,5,0.65,7.73,3,999,999,0,999,999,0,999,999,0,999,999,0,None,None,True
95111250,1.65,4.33,13,999,999,999,999,-1.65,8.90,5,0.69,7.42,3,999,999,0,999,999,0,999,999,0,999,999,0,None,None,True
95111251,1.65,4.33,13,999,999,999,999,-1.59,8.62,5,0.69,7.11,3,999,999,0,999,999,0,999,999,0,999,999,0,None,None,False
